nome_arquivo,setor_subpasta,coluna_camara,nivel_camara,posicao_rack,localizacao_formatada,codigo_produto,descricao_produto,categoria,quantidade_estoque,validade,status_observacao
Screenshot_20260822_164402_Dext Mobile SM Novo Atacarejo.jpg,Coluna 1 piso\Coluna 1 aéreo,1,Aéreo,Esquerda,congelado:C1-N2-E:misto,31841,FILEZINHO SASSAMI NATTO CONG BD IKG NAT. FILEZINHO DE PEITO (SASSAMI) FRESCO CORTES,aves,149.0,00/00/00,Pendente de atualização de data
Screenshot_20260825_103529_Calculator.jpg,Coluna 1 piso\Coluna 1 aéreo,1,Aéreo,Direita,congelado:C1-N2-D:misto,20754,COXA LQF SEARA 1 KG,aves,1.0,00/00/00,Pendente de atualização de data
Screenshot_20260825_103604_Calculator.jpg,Coluna 1 piso\Coluna 1 aéreo,1,Aéreo,Esquerda,congelado:C1-N2-E:misto,20749,FILEZINHO FGO LQF CONG SEARA PCTL KG,aves,736.0,00/00/00,Pendente de atualização de data
Screenshot_20260825_103750_Dext Mobile SM Novo Atacarejo.jpg,Coluna 1 piso\Coluna 1 aéreo,1,Aéreo,Direita,congelado:C1-N2-D:misto,23645,COXA SOB FGO CONG AURORA FW PACK KG,aves,664.0,00/00/00,Pendente de atualização de data
Screenshot_20260825_102816_Calculator.jpg,Coluna 1 piso,1,Piso,Esquerda,congelado:C1-N1-E:misto,19874,FGO INT CONG MAURICEA KG,aves,740.0,00/00/00,Pendente de atualização de data
Screenshot_20260825_102841_Calculator.jpg,Coluna 1 piso,1,Piso,Direita,congelado:C1-N1-D:misto,20249,PEITO FGO CONG MAURICEA BDL KG ARTES CONGELADOS DE FRANGO ÃKG,aves,24.0,00/00/00,Pendente de atualização de data
Screenshot_20260825_102914_Calculator.jpg,Coluna 1 piso,1,Piso,Esquerda,congelado:C1-N1-E:misto,20264,PEITO FGO CONG MAURICEA IND KG,aves,540.0,00/00/00,Pendente de atualização de data
20260822_103441.jpg,Coluna 10aéreo,10,Aéreo,Direita,congelado:C10-N2-D:misto,PEND-8,20260822_103441.JPG,aves,300.0,00/00/00,Pendente de atualização de data
20260822_103446.jpg,Coluna 10aéreo,10,Aéreo,Esquerda,congelado:C10-N2-E:misto,PEND-9,20260822_103446.JPG,aves,0.0,00/00/00,Pendente de atualização de data
20260822_103450.jpg,Coluna 10aéreo,10,Aéreo,Direita,congelado:C10-N2-D:misto,PEND-10,20260822_103450.JPG,aves,0.0,00/00/00,Pendente de atualização de data
20260822_103455.jpg,Coluna 10aéreo,10,Aéreo,Esquerda,congelado:C10-N2-E:misto,PEND-11,20260822_103455.JPG,aves,0.0,00/00/00,Pendente de atualização de data
Screenshot_20260824_111107_Calculator.jpg,Coluna 10aéreo\Coluna 10 Piso,10,Aéreo,Direita,congelado:C10-N2-D:misto,9955,LING FGO GRILL CONG NATTO 600G QJO NATTO (LT(LÇ,aves,396.0,00/00/00,Pendente de atualização de data
Screenshot_20260824_111143_Dext Mobile SM Novo Atacarejo.jpg,Coluna 10aéreo\Coluna 10 Piso,10,Aéreo,Esquerda,congelado:C10-N2-E:misto,9962,LING FGO GRILL CONG NATTO 600G PIM NATTO,aves,96.0,00/00/00,Pendente de atualização de data
Screenshot_20260824_111407_Dext Mobile SM Novo Atacarejo.jpg,Coluna 10aéreo\Coluna 10 Piso,10,Aéreo,Direita,congelado:C10-N2-D:misto,9955,LING FGO GRILL CONG NATTO 600G QJO 33<2 NATTO (LT(LÇ,aves,396.0,00/00/00,Pendente de atualização de data
Screenshot_20260824_111537_Dext Mobile SM Novo Atacarejo.jpg,Coluna 10aéreo\Coluna 10 Piso,10,Aéreo,Esquerda,congelado:C10-N2-E:misto,19674,682,aves,26.0,00/00/00,Pendente de atualização de data
Screenshot_20260824_112848_Dext Mobile SM Novo Atacarejo.jpg,Coluna 10aéreo\Coluna 10 Piso,10,Aéreo,Direita,congelado:C10-N2-D:misto,30493,LOMBO SUINO S OSSO CONG SADIA KG,suino,64.0,00/00/00,Pendente de atualização de data
Screenshot_20260824_113018_Dext Mobile SM Novo Atacarejo.jpg,Coluna 10aéreo\Coluna 10 Piso,10,Aéreo,Esquerda,congelado:C10-N2-E:misto,30494,76 682,aves,38.0,00/00/00,Pendente de atualização de data
Screenshot_20260824_113057_Calculator.jpg,Coluna 10aéreo\Coluna 10 Piso,10,Aéreo,Direita,congelado:C10-N2-D:misto,34236,COXIN ASA FGO CG NATTO 600G APIMENTADA,aves,240.0,00/00/00,Pendente de atualização de data
Screenshot_20260824_113212_Calculator.jpg,Coluna 10aéreo\Coluna 10 Piso,10,Aéreo,Esquerda,congelado:C10-N2-E:misto,19666,ALCATRA SUINA CG SADIA KG,suino,11.0,00/00/00,Pendente de atualização de data
Screenshot_20260824_113402_Dext Mobile SM Novo Atacarejo.jpg,Coluna 10aéreo\Coluna 10 Piso,10,Aéreo,Direita,congelado:C10-N2-D:misto,102070,6X2D LINGUICA TOSCANA FININHA 350G CHIMICH NABRASA,suino,120.0,00/00/00,Pendente de atualização de data
Screenshot_20260824_113432_Dext Mobile SM Novo Atacarejo.jpg,Coluna 10aéreo\Coluna 10 Piso,10,Aéreo,Esquerda,congelado:C10-N2-E:misto,1524,LING TOSC PERDIGAO QJO 600G,suino,96.0,00/00/00,Pendente de atualização de data
Screenshot_20260824_113504_Dext Mobile SM Novo Atacarejo.jpg,Coluna 10aéreo\Coluna 10 Piso,10,Aéreo,Direita,congelado:C10-N2-D:misto,1521,75 682,aves,0.0,00/00/00,Pendente de atualização de data
Screenshot_20260824_113645_Dext Mobile SM Novo Atacarejo.jpg,Coluna 10aéreo\Coluna 10 Piso,10,Aéreo,Esquerda,congelado:C10-N2-E:misto,102067,12X2D LINGUICA TOSCANA FININHA 350G APIMENT NABRASA,suino,240.0,00/00/00,Pendente de atualização de data
Screenshot_20260824_113706_Dext Mobile SM Novo Atacarejo.jpg,Coluna 10aéreo\Coluna 10 Piso,10,Aéreo,Direita,congelado:C10-N2-D:misto,102071,LINGUICA CHURRASCO SADIA 600G APIMENTADA,aves,682.0,00/00/00,Pendente de atualização de data
Screenshot_20260822_103752_Calculator.jpg,Coluna 10aéreo,10,Aéreo,Esquerda,congelado:C10-N2-E:misto,20754,COXA LQF SEARA 1 KG,aves,1.0,00/00/00,Pendente de atualização de data
Screenshot_20260824_100455_Calculator.jpg,Coluna 11 piso,11,Piso,Direita,congelado:C11-N1-D:misto,20440,DIANT BOV C OSSO PC KG,bovino,15.0,00/00/00,Pendente de atualização de data
Screenshot_20260824_102251_Dext Mobile SM Novo Atacarejo.jpg,Coluna 11 piso,11,Piso,Esquerda,congelado:C11-N1-E:misto,47058,COXA FGO CG SEARA TEMP LQF 1 KG,aves,1.0,00/00/00,Pendente de atualização de data
Screenshot_20260824_103026_Calculator.jpg,Coluna 11 piso,11,Piso,Direita,congelado:C11-N1-D:misto,20250,FILE PEITO FGO CG MAURICEA BDL KG 0 H4ARC.ÉA PEITO ARTES CONGELADOS DE FRANGO,aves,192.0,00/00/00,Pendente de atualização de data
Screenshot_20260824_103305_Dext Mobile SM Novo Atacarejo.jpg,Coluna 11 piso,11,Piso,Esquerda,congelado:C11-N1-E:misto,22698,COXIN ASA FGO CG NATTO BDL KG,aves,72.0,00/00/00,Pendente de atualização de data
20260822_094209.jpg,Coluna 12 aéreo,12,Aéreo,Direita,congelado:C12-N2-D:misto,PEND-30,20260822_094209.JPG,aves,0.0,00/00/00,Pendente de atualização de data
20260822_094213.jpg,Coluna 12 aéreo,12,Aéreo,Esquerda,congelado:C12-N2-E:misto,PEND-31,20260822_094213.JPG,aves,0.0,00/00/00,Pendente de atualização de data
20260822_094217.jpg,Coluna 12 aéreo,12,Aéreo,Direita,congelado:C12-N2-D:misto,PEND-32,20260822_094217.JPG,aves,0.0,00/00/00,Pendente de atualização de data
20260822_094226.jpg,Coluna 12 aéreo,12,Aéreo,Esquerda,congelado:C12-N2-E:misto,23520,20260822_094226.JPG,aves,0.0,00/00/00,Pendente de atualização de data
20260822_101203.jpg,Coluna 12 aéreo,12,Aéreo,Direita,congelado:C12-N2-D:misto,PEND-34,20260822_101203.JPG,aves,0.0,00/00/00,Pendente de atualização de data
20260822_102046.jpg,Coluna 12 aéreo\Coluna 11aéreo,11,Aéreo,Esquerda,congelado:C11-N2-E:misto,PEND-35,20260822_102046.JPG,aves,27.0,00/00/00,Pendente de atualização de data
20260822_102051.jpg,Coluna 12 aéreo\Coluna 11aéreo,11,Aéreo,Direita,congelado:C11-N2-D:misto,PEND-36,20260822_102051.JPG,aves,0.0,00/00/00,Pendente de atualização de data
20260822_102102.jpg,Coluna 12 aéreo\Coluna 11aéreo,11,Aéreo,Esquerda,congelado:C11-N2-E:misto,10030,20260822_102102.JPG,aves,0.0,00/00/00,Pendente de atualização de data
20260822_102141.jpg,Coluna 12 aéreo\Coluna 11aéreo,11,Aéreo,Direita,congelado:C11-N2-D:misto,PEND-38,20260822_102141.JPG,aves,0.0,00/00/00,Pendente de atualização de data
Screenshot_20260822_102647_Dext Mobile SM Novo Atacarejo.jpg,Coluna 12 aéreo\Coluna 11aéreo,11,Aéreo,Esquerda,congelado:C11-N2-E:misto,22863,COXA C SOB FGO CG IND NATTO KG,aves,702.0,00/00/00,Pendente de atualização de data
Screenshot_20260822_102907_Dext Mobile SM Novo Atacarejo.jpg,Coluna 12 aéreo\Coluna 11aéreo,11,Aéreo,Direita,congelado:C11-N2-D:misto,9358,LING FRANGO CG AURORA PCT5KG,aves,110.0,00/00/00,Pendente de atualização de data
Screenshot_20260824_095212_Dext Mobile SM Novo Atacarejo.jpg,Coluna 12 aéreo\Coluna 12 piso,12,Aéreo,Esquerda,congelado:C12-N2-E:misto,69609,CARNE MOIDA BOV TUBETE FRIBOI 500G,bovino,224.0,00/00/00,Pendente de atualização de data
Screenshot_20260824_095605_Calculator.jpg,Coluna 12 aéreo\Coluna 12 piso,12,Aéreo,Direita,congelado:C12-N2-D:misto,23520,682 DETALHE PRODUTO COSTELA BOV PA PC KG 1,bovino,932.0,00/00/00,Pendente de atualização de data
Screenshot_20260822_094407_Calculator.jpg,Coluna 12 aéreo,12,Aéreo,Esquerda,congelado:C12-N2-E:misto,22703,PEITO FGO CG NATTO BDL KG NATTO PEITO CORTES CONGELADOS DE FRANGO,aves,288.0,00/00/00,Pendente de atualização de data
Screenshot_20260822_164402_Dext Mobile SM Novo Atacarejo.jpg,Coluna 13 piso\Coluna 1 piso\Coluna 1 aéreo,1,Aéreo,Direita,congelado:C1-N2-D:misto,31841,FILEZINHO SASSAMI NATTO CONG BD IKG NAT. FILEZINHO DE PEITO (SASSAMI) FRESCO CORTES,aves,149.0,00/00/00,Pendente de atualização de data
Screenshot_20260825_103529_Calculator.jpg,Coluna 13 piso\Coluna 1 piso\Coluna 1 aéreo,1,Aéreo,Esquerda,congelado:C1-N2-E:misto,20754,COXA LQF SEARA 1 KG,aves,1.0,00/00/00,Pendente de atualização de data
Screenshot_20260825_103604_Calculator.jpg,Coluna 13 piso\Coluna 1 piso\Coluna 1 aéreo,1,Aéreo,Direita,congelado:C1-N2-D:misto,20749,FILEZINHO FGO LQF CONG SEARA PCTL KG,aves,736.0,00/00/00,Pendente de atualização de data
Screenshot_20260825_103750_Dext Mobile SM Novo Atacarejo.jpg,Coluna 13 piso\Coluna 1 piso\Coluna 1 aéreo,1,Aéreo,Esquerda,congelado:C1-N2-E:misto,23645,COXA SOB FGO CONG AURORA FW PACK KG,aves,664.0,00/00/00,Pendente de atualização de data
Screenshot_20260825_102816_Calculator.jpg,Coluna 13 piso\Coluna 1 piso,1,Piso,Direita,congelado:C1-N1-D:misto,19874,FGO INT CONG MAURICEA KG,aves,740.0,00/00/00,Pendente de atualização de data
Screenshot_20260825_102841_Calculator.jpg,Coluna 13 piso\Coluna 1 piso,1,Piso,Esquerda,congelado:C1-N1-E:misto,20249,PEITO FGO CONG MAURICEA BDL KG ARTES CONGELADOS DE FRANGO ÃKG,aves,24.0,00/00/00,Pendente de atualização de data
Screenshot_20260825_102914_Calculator.jpg,Coluna 13 piso\Coluna 1 piso,1,Piso,Direita,congelado:C1-N1-D:misto,20264,PEITO FGO CONG MAURICEA IND KG,aves,540.0,00/00/00,Pendente de atualização de data
Screenshot_20260822_091453_Chrome.jpg,Coluna 13 piso\Coluna 13 Aéreo,13,Aéreo,Esquerda,congelado:C13-N2-E:misto,20440,SCREENSHOT_20260822_091453_CHROME.JPG,aves,838.0,00/00/00,Pendente de atualização de data
Screenshot_20260822_091547_Chrome.jpg,Coluna 13 piso\Coluna 13 Aéreo,13,Aéreo,Direita,congelado:C13-N2-D:misto,2026,09:15 • DETALHES DO PRODUTO 90 PRODUTO LING SUINA PLU 1929999 CATEGORIA SUÍNO DATA DE CADASTRO 20/08/2026 010:39 CÓD. BARRAS QUANTIDADE 216 KG VALIDADE 01/12/2026 STATUS / CONTAGEM REGRESSIVA CONTAGEM REGRESSIVA: FALTAM EXATAMENTE 101 DIAS FORNECEDOR SAUDALI LOCALIZAÇÃO DESTE LOTE CONAELADA • COLUNA 13 • NÍVEL 2 • LADO DIREITO,suino,216.0,00/00/00,Pendente de atualização de data
Screenshot_20260822_091659_Chrome.jpg,Coluna 13 piso\Coluna 13 Aéreo,13,Aéreo,Esquerda,congelado:C13-N2-E:misto,19299,09:16 • DETALHES DO PRODUTO 90 PRODUTO LING SUINA PLU 19299 CATEGORIA SUÍNO DATA DE CADASTRO 20/08/2026 010:17 CÓD. BARRAS QUANTIDADE 294 KG VALIDADE 06/10/2026 STATUS / CONTAGEM REGRESSIVA CONTAGEM REGRESSIVA: FALTAM EXATAMENTE 45 DIAS FORNECEDOR SAUDALI LOCALIZAÇÃO DESTE LOTE CONAELADA • COLUNA 13 • NÍVEL 4 • LADO DIREITO,suino,294.0,00/00/00,Pendente de atualização de data
Screenshot_20260822_092109_Calculator.jpg,Coluna 13 piso\Coluna 13 Aéreo,13,Aéreo,Direita,congelado:C13-N2-D:misto,19631,FILE PEITO FGO CG SADIA PCTL KG SADIA FILÉ DE PGGGN,aves,420.0,00/00/00,Pendente de atualização de data
Screenshot_20260822_092349_Calculator.jpg,Coluna 13 piso\Coluna 13 Aéreo,13,Aéreo,Esquerda,congelado:C13-N2-E:misto,63298,COXA C SOB DORSAL CANCAO ENV KG,aves,225.0,00/00/00,Pendente de atualização de data
Screenshot_20260825_101332_Calculator.jpg,Coluna 13 piso\Coluna 13 Aéreo,13,Aéreo,Direita,congelado:C13-N2-D:misto,20916,75 683,aves,667.0,00/00/00,Pendente de atualização de data
20260822_084725.jpg,Coluna 13 piso\Coluna 14 piso\Coluna 14 aéreo,14,Aéreo,Esquerda,congelado:C14-N2-E:misto,PEND-57,20260822_084725.JPG,aves,0.0,00/00/00,Pendente de atualização de data
20260822_084728.jpg,Coluna 13 piso\Coluna 14 piso\Coluna 14 aéreo,14,Aéreo,Direita,congelado:C14-N2-D:misto,PEND-58,20260822_084728.JPG,aves,0.0,00/00/00,Pendente de atualização de data
20260822_084731.jpg,Coluna 13 piso\Coluna 14 piso\Coluna 14 aéreo,14,Aéreo,Esquerda,congelado:C14-N2-E:misto,PEND-59,20260822_084731.JPG,aves,0.0,00/00/00,Pendente de atualização de data
Screenshot_20260822_085323_Dext Mobile SM Novo Atacarejo.jpg,Coluna 13 piso\Coluna 14 piso\Coluna 14 aéreo,14,Aéreo,Direita,congelado:C14-N2-D:misto,23645,COXA SOB FGO CONG AURORA FW PACK KG,aves,969.0,00/00/00,Pendente de atualização de data
Screenshot_20260822_085508_Dext Mobile SM Novo Atacarejo.jpg,Coluna 13 piso\Coluna 14 piso\Coluna 14 aéreo,14,Aéreo,Esquerda,congelado:C14-N2-E:misto,89964,COXA C SOB DORSAL CONG GUIBON KG,aves,540.0,00/00/00,Pendente de atualização de data
Screenshot_20260822_085618_Dext Mobile SM Novo Atacarejo.jpg,Coluna 13 piso\Coluna 14 piso\Coluna 14 aéreo,14,Aéreo,Direita,congelado:C14-N2-D:misto,19299,"LING SUINA CG SAUDALI 2,5KG ( FAUAALI )",suino,5.0,00/00/00,Pendente de atualização de data
Screenshot_20260824_082913_Dext Mobile SM Novo Atacarejo.jpg,Coluna 13 piso\Coluna 14 piso,14,Piso,Esquerda,congelado:C14-N1-E:misto,20801,BACO PASSARINHA BOV CG KG,bovino,46.0,00/00/00,Pendente de atualização de data
Screenshot_20260824_083425_Dext Mobile SM Novo Atacarejo.jpg,Coluna 13 piso\Coluna 14 piso,14,Piso,Direita,congelado:C14-N1-D:misto,28266,CARCACA SUINA PC KG PRODUTO SEM IMAGEM,suino,770.0,00/00/00,Pendente de atualização de data
20260822_162732.jpg,Coluna 13 piso\Coluna 2 piso\Coluna 2 aéreo,2,Aéreo,Esquerda,congelado:C2-N2-E:misto,1941,MAURICEA KG 1941 CÓDIGO DO CONSINCO - --—ÓL'J08/27!19874 P-: CES.:.F CERADO ENV,aves,0.0,00/00/00,Pendente de atualização de data
20260822_162919.jpg,Coluna 13 piso\Coluna 2 piso\Coluna 2 aéreo,2,Aéreo,Direita,congelado:C2-N2-D:misto,1064,"ARRE SUINO CG INT WAOGOR03B2303 1064-25 CÓDIGO DO CONSINCO 27/07/27 20916 '6408,76 1400 PORJOSE GILBERTO OUVEIRA DA VA",suino,0.0,00/00/00,Pendente de atualização de data
20260822_162941.jpg,Coluna 13 piso\Coluna 2 piso\Coluna 2 aéreo,2,Aéreo,Esquerda,congelado:C2-N2-E:misto,22699,20260822_162941.JPG,aves,0.0,00/00/00,Pendente de atualização de data
Screenshot_20260825_074448_Calculator.jpg,Coluna 13 piso\Coluna 2 piso\Coluna 2 aéreo\Coluna 2 piso,2,Aéreo,Direita,congelado:C2-N2-D:misto,22699,CÓDIGO,aves,180.0,00/00/00,Pendente de atualização de data
Screenshot_20260825_074520_Calculator.jpg,Coluna 13 piso\Coluna 2 piso\Coluna 2 aéreo\Coluna 2 piso,2,Aéreo,Esquerda,congelado:C2-N2-E:misto,20255,FIGADO FGO CG MAURICEA BDL KG MIÚDOS CONGELADOS DE NGO IGG40,aves,120.0,00/00/00,Pendente de atualização de data
Screenshot_20260825_074551_Calculator.jpg,Coluna 13 piso\Coluna 2 piso\Coluna 2 aéreo\Coluna 2 piso,2,Aéreo,Direita,congelado:C2-N2-D:misto,20747,FILE PEITO FGO CG SEARA BDL KG,aves,96.0,00/00/00,Pendente de atualização de data
Screenshot_20260825_074626_Calculator.jpg,Coluna 13 piso\Coluna 2 piso\Coluna 2 aéreo\Coluna 2 piso,2,Aéreo,Esquerda,congelado:C2-N2-E:misto,22703,PEITO FGO CG NATTO BDL KG NATTO PEITO CORTES CONGELADOS DE FRANGO,aves,48.0,00/00/00,Pendente de atualização de data
Screenshot_20260825_074748_Calculator.jpg,Coluna 13 piso\Coluna 2 piso\Coluna 2 aéreo\Coluna 2 piso,2,Aéreo,Direita,congelado:C2-N2-D:misto,89964,COXA C SOB DORSAL CONG GUIBON KG,aves,108.0,00/00/00,Pendente de atualização de data
Screenshot_20260825_075229_Calculator.jpg,Coluna 13 piso\Coluna 2 piso\Coluna 2 aéreo\Coluna 2 piso,2,Aéreo,Esquerda,congelado:C2-N2-E:misto,20756,COXIN ASA FGO LQF SEARA PCTL KG,aves,180.0,00/00/00,Pendente de atualização de data
Screenshot_20260825_080543_Dext Mobile SM Novo Atacarejo.jpg,Coluna 13 piso\Coluna 2 piso\Coluna 2 aéreo\Coluna 2 piso,2,Aéreo,Direita,congelado:C2-N2-D:misto,20724,SOBCOX FGO CG ASSA F SEARA 800G,aves,210.0,00/00/00,Pendente de atualização de data
Screenshot_20260825_080611_Dext Mobile SM Novo Atacarejo.jpg,Coluna 13 piso\Coluna 2 piso\Coluna 2 aéreo\Coluna 2 piso,2,Aéreo,Esquerda,congelado:C2-N2-E:misto,20756,COXIN ASA FGO LQF SEARA PCTL KG,aves,180.0,00/00/00,Pendente de atualização de data
Screenshot_20260825_080713_Dext Mobile SM Novo Atacarejo.jpg,Coluna 13 piso\Coluna 2 piso\Coluna 2 aéreo\Coluna 2 piso,2,Aéreo,Direita,congelado:C2-N2-D:misto,37997,FILE COXA SOB CG SEARA LIM ERV 800G,aves,48.0,00/00/00,Pendente de atualização de data
Screenshot_20260825_080817_Dext Mobile SM Novo Atacarejo.jpg,Coluna 13 piso\Coluna 2 piso\Coluna 2 aéreo\Coluna 2 piso,2,Aéreo,Esquerda,congelado:C2-N2-E:misto,37995,SOBRECOXA FGO CG DES SEARA CHIM800G,aves,48.0,00/00/00,Pendente de atualização de data
Screenshot_20260822_162629_Calculator.jpg,Coluna 13 piso\Coluna 2 piso\Coluna 2 aéreo,2,Aéreo,Direita,congelado:C2-N2-D:misto,52624,COXA C SOBRECOXA FGO FORMOSO BJ 1 KG,aves,1.0,00/00/00,Pendente de atualização de data
Screenshot_20260822_162717_Calculator.jpg,Coluna 13 piso\Coluna 2 piso\Coluna 2 aéreo,2,Aéreo,Esquerda,congelado:C2-N2-E:misto,31841,FILEZINHO SASSAMI NATTO CONG BD IKG NAT. FILEZINHO DE PEITO (SASSAMI) FRESCO CORTES,aves,360.0,00/00/00,Pendente de atualização de data
Screenshot_20260822_162826_Dext Mobile SM Novo Atacarejo.jpg,Coluna 13 piso\Coluna 2 piso\Coluna 2 aéreo,2,Aéreo,Direita,congelado:C2-N2-D:misto,20749,FILEZINHO FGO LQF CONG SEARA PCTL KG,aves,444.0,00/00/00,Pendente de atualização de data
Screenshot_20260825_082521_Dext Mobile SM Novo Atacarejo.jpg,Coluna 13 piso\Coluna 2 piso,2,Piso,Esquerda,congelado:C2-N1-E:misto,25728,683 DETALHE PRODUTO LING SUINA CG AURORA CHURRA PCT700G,suino,48.0,00/00/00,Pendente de atualização de data
Screenshot_20260825_082553_Calculator.jpg,Coluna 13 piso\Coluna 2 piso,2,Piso,Direita,congelado:C2-N1-D:misto,19320,COSTELINHA SUI TEMP CONG SAUDALI KG,suino,12.0,00/00/00,Pendente de atualização de data
Screenshot_20260825_082816_Calculator.jpg,Coluna 13 piso\Coluna 2 piso,2,Piso,Esquerda,congelado:C2-N1-E:misto,49275,PICANHA SUINA CG TEMP SUINCO PCT KG,suino,34.0,00/00/00,Pendente de atualização de data
Screenshot_20260825_082937_Calculator.jpg,Coluna 13 piso\Coluna 2 piso,2,Piso,Direita,congelado:C2-N1-D:misto,98986,FILE PEITO FGO CANCAO BDJ 1 KG,aves,1.0,00/00/00,Pendente de atualização de data
Screenshot_20260825_083008_Calculator.jpg,Coluna 13 piso\Coluna 2 piso,2,Piso,Esquerda,congelado:C2-N1-E:misto,34235,SOBCOX DESOS FGO CG NATTO 600G CHIMICHURRI 87 683,aves,112.0,00/00/00,Pendente de atualização de data
Screenshot_20260825_083219_Dext Mobile SM Novo Atacarejo.jpg,Coluna 13 piso\Coluna 2 piso,2,Piso,Direita,congelado:C2-N1-D:misto,52628,COXA C SOB FGO FORMOSO CONG KG G,aves,93.0,00/00/00,Pendente de atualização de data
Screenshot_20260825_083306_Calculator.jpg,Coluna 13 piso\Coluna 2 piso,2,Piso,Esquerda,congelado:C2-N1-E:misto,20749,FILEZINHO FGO LQF CONG SEARA PCTL KG,aves,12.0,00/00/00,Pendente de atualização de data
Screenshot_20260825_090557_Calculator.jpg,Coluna 13 piso\Coluna 2 piso,2,Piso,Direita,congelado:C2-N1-D:misto,20266,COXA C SOB FGO CG IND MAURICEA KG,aves,18.0,00/00/00,Pendente de atualização de data
Screenshot_20260825_090636_Dext Mobile SM Novo Atacarejo.jpg,Coluna 13 piso\Coluna 2 piso,2,Piso,Esquerda,congelado:C2-N1-E:misto,36993,LOMBO SUI FAT CG SADIA 800G,suino,24.0,00/00/00,Pendente de atualização de data
Screenshot_20260825_090756_Calculator.jpg,Coluna 13 piso\Coluna 2 piso,2,Piso,Direita,congelado:C2-N1-D:misto,37458,BARRIGA SUINA CG TEMP SAUDALI KG,suino,12.0,00/00/00,Pendente de atualização de data
Screenshot_20260825_090834_Dext Mobile SM Novo Atacarejo.jpg,Coluna 13 piso\Coluna 2 piso,2,Piso,Esquerda,congelado:C2-N1-E:misto,20743,COXA FGO CG SEARA BDL KG,aves,12.0,00/00/00,Pendente de atualização de data
Screenshot_20260825_091005_Calculator.jpg,Coluna 13 piso\Coluna 2 piso,2,Piso,Direita,congelado:C2-N1-D:misto,52627,PEITO DE FRANGO FORMOSO CONG IND KG,aves,34.0,00/00/00,Pendente de atualização de data
Screenshot_20260825_091058_Calculator.jpg,Coluna 13 piso\Coluna 2 piso,2,Piso,Esquerda,congelado:C2-N1-E:misto,23645,COXA SOB FGO CONG AURORA FW PACK KG,aves,15.0,00/00/00,Pendente de atualização de data
Screenshot_20260825_091206_Dext Mobile SM Novo Atacarejo.jpg,Coluna 13 piso\Coluna 2 piso,2,Piso,Direita,congelado:C2-N1-D:misto,20250,FILE PEITO FGO CG MAURICEA BDL KG 82 683 0 H4ARC.ÉA PEITO ARTES CONGELADOS DE FRANGO,aves,341.0,00/00/00,Pendente de atualização de data
Screenshot_20260825_091548_Dext Mobile SM Novo Atacarejo.jpg,Coluna 13 piso\Coluna 2 piso,2,Piso,Esquerda,congelado:C2-N1-E:misto,22712,CARCACA FGO CG NATTO KG,aves,24.0,00/00/00,Pendente de atualização de data
Screenshot_20260825_091823_Calculator.jpg,Coluna 13 piso\Coluna 2 piso,2,Piso,Direita,congelado:C2-N1-D:misto,97635,ASA FRANGO CONG GUIBON KG,aves,36.0,00/00/00,Pendente de atualização de data
Screenshot_20260825_092116_Dext Mobile SM Novo Atacarejo.jpg,Coluna 13 piso\Coluna 2 piso,2,Piso,Esquerda,congelado:C2-N1-E:misto,53547,FRANGO CONG CAIPIRA NHO BENTO KG,aves,683.0,00/00/00,Pendente de atualização de data
Screenshot_20260825_092212_Dext Mobile SM Novo Atacarejo.jpg,Coluna 13 piso\Coluna 2 piso,2,Piso,Direita,congelado:C2-N1-D:misto,20745,CARCACA FGO CG SEARA KG,aves,36.0,00/00/00,Pendente de atualização de data
Screenshot_20260825_092344_Dext Mobile SM Novo Atacarejo.jpg,Coluna 13 piso\Coluna 2 piso,2,Piso,Esquerda,congelado:C2-N1-E:misto,52600,FRANGO INTEIRO CONG FORMOSO KG,aves,64.0,00/00/00,Pendente de atualização de data
Screenshot_20260825_092544_Calculator.jpg,Coluna 13 piso\Coluna 2 piso,2,Piso,Direita,congelado:C2-N1-D:misto,21262,COXA FGO CG IND MAURICEA PCT KG,aves,16.0,00/00/00,Pendente de atualização de data
Screenshot_20260825_092732_Calculator.jpg,Coluna 13 piso\Coluna 2 piso,2,Piso,Esquerda,congelado:C2-N1-E:misto,37459,COST GRILL SUINA CG TEMP SAUDALI KG,suino,24.0,00/00/00,Pendente de atualização de data
Screenshot_20260825_092746_Calculator.jpg,Coluna 13 piso\Coluna 2 piso,2,Piso,Direita,congelado:C2-N1-D:misto,19310,COSTELINHA GRILL SAUDALI KG,suino,12.0,00/00/00,Pendente de atualização de data
Screenshot_20260825_094039_Calculator.jpg,Coluna 13 piso\Coluna 2 piso,2,Piso,Esquerda,congelado:C2-N1-E:misto,36993,LOMBO SUI FAT CG SADIA 800G,suino,50.0,00/00/00,Pendente de atualização de data
Screenshot_20260825_094101_Calculator.jpg,Coluna 13 piso\Coluna 2 piso,2,Piso,Direita,congelado:C2-N1-D:misto,37459,COST GRILL SUINA CG TEMP SAUDALI KG,suino,24.0,00/00/00,Pendente de atualização de data
Screenshot_20260825_094157_Calculator.jpg,Coluna 13 piso\Coluna 2 piso,2,Piso,Esquerda,congelado:C2-N1-E:misto,19310,COSTELINHA GRILL SAUDALI KG,suino,12.0,00/00/00,Pendente de atualização de data
Screenshot_20260825_094311_Dext Mobile SM Novo Atacarejo.jpg,Coluna 13 piso\Coluna 2 piso,2,Piso,Direita,congelado:C2-N1-D:misto,49277,79 683,aves,1.0,00/00/00,Pendente de atualização de data
Screenshot_20260825_094351_Calculator.jpg,Coluna 13 piso\Coluna 2 piso,2,Piso,Esquerda,congelado:C2-N1-E:misto,49262,LING PERNIL CG SUINCO C PIMEN 600G,suino,20.0,00/00/00,Pendente de atualização de data
Screenshot_20260825_094458_Calculator.jpg,Coluna 13 piso\Coluna 2 piso,2,Piso,Direita,congelado:C2-N1-D:misto,49276,79 683,aves,976.0,00/00/00,Pendente de atualização de data
Screenshot_20260825_094534_Dext Mobile SM Novo Atacarejo.jpg,Coluna 13 piso\Coluna 2 piso,2,Piso,Esquerda,congelado:C2-N1-E:misto,49268,ALCATRA SUINA CG TEMP SUINCO PCT KG,suino,15.0,00/00/00,Pendente de atualização de data
Screenshot_20260825_094641_Calculator.jpg,Coluna 13 piso\Coluna 2 piso,2,Piso,Direita,congelado:C2-N1-D:misto,20747,FILE PEITO FGO CG SEARA BDL KG,aves,24.0,00/00/00,Pendente de atualização de data
Screenshot_20260825_094731_Calculator.jpg,Coluna 13 piso\Coluna 2 piso,2,Piso,Esquerda,congelado:C2-N1-E:misto,20747,FILE PEITO FGO CG SEARA BDL KG,aves,24.0,00/00/00,Pendente de atualização de data
Screenshot_20260825_094742_Dext Mobile SM Novo Atacarejo.jpg,Coluna 13 piso\Coluna 2 piso,2,Piso,Direita,congelado:C2-N1-D:misto,20090,COXA FGO CG MAURICEA BDL KG CO RTES Ú»NGELAD0S DE FRANGO ÃKG,aves,0.0,00/00/00,Pendente de atualização de data
20260822_160557.jpg,Coluna 13 piso\Coluna 3 aéreo,3,Aéreo,Esquerda,congelado:C3-N2-E:misto,19637,20260822_160557.JPG,aves,0.0,00/00/00,Pendente de atualização de data
20260822_160624.jpg,Coluna 13 piso\Coluna 3 aéreo,3,Aéreo,Direita,congelado:C3-N2-D:misto,PEND-114,20260822_160624.JPG,aves,0.0,00/00/00,Pendente de atualização de data
20260822_160950.jpg,Coluna 13 piso\Coluna 3 aéreo,3,Aéreo,Esquerda,congelado:C3-N2-E:misto,PEND-115,20260822_160950.JPG,aves,0.0,00/00/00,Pendente de atualização de data
Screenshot_20260822_160728_Dext Mobile SM Novo Atacarejo.jpg,Coluna 13 piso\Coluna 3 aéreo,3,Aéreo,Direita,congelado:C3-N2-D:misto,20743,COXA FGO CG SEARA BDL KG,aves,221.0,00/00/00,Pendente de atualização de data
Screenshot_20260822_160835_Dext Mobile SM Novo Atacarejo.jpg,Coluna 13 piso\Coluna 3 aéreo,3,Aéreo,Esquerda,congelado:C3-N2-E:misto,19628,FILE PEITO FGO CG PERDIGAO 800G JÁ SOLTINHA PERDIGÃO,aves,310.0,00/00/00,Pendente de atualização de data
Screenshot_20260822_160927_Calculator.jpg,Coluna 13 piso\Coluna 3 aéreo,3,Aéreo,Direita,congelado:C3-N2-D:misto,63298,COXA C SOB DORSAL CANCAO ENV KG,aves,225.0,00/00/00,Pendente de atualização de data
20260822_155739.jpg,Coluna 13 piso\Coluna 4\Coluna 4 aéreo,4,Aéreo,Esquerda,congelado:C4-N2-E:misto,PEND-119,20260822_155739.JPG,aves,72.0,00/00/00,Pendente de atualização de data
20260822_155748.jpg,Coluna 13 piso\Coluna 4\Coluna 4 aéreo,4,Aéreo,Direita,congelado:C4-N2-D:misto,PEND-120,20260822_155748.JPG,aves,720.0,00/00/00,Pendente de atualização de data
20260822_155754.jpg,Coluna 13 piso\Coluna 4\Coluna 4 aéreo,4,Aéreo,Esquerda,congelado:C4-N2-E:misto,PEND-121,20260822_155754.JPG,aves,0.0,00/00/00,Pendente de atualização de data
20260822_155800.jpg,Coluna 13 piso\Coluna 4\Coluna 4 aéreo,4,Aéreo,Direita,congelado:C4-N2-D:misto,PEND-122,FGO CG,aves,0.0,00/00/00,Pendente de atualização de data
Screenshot_20260822_160051_Calculator.jpg,Coluna 13 piso\Coluna 4\Coluna 4 aéreo,4,Aéreo,Esquerda,congelado:C4-N2-E:misto,22703,PEITO FGO CG NATTO BDL KG NATTO PEITO CORTES CONGELADOS DE FRANGO,aves,240.0,00/00/00,Pendente de atualização de data
Screenshot_20260825_101045_Dext Mobile SM Novo Atacarejo.jpg,Coluna 13 piso\Coluna 4\Coluna 4 aéreo,4,Aéreo,Direita,congelado:C4-N2-D:misto,11736,PERTENC FGO CANJA CG MAURICEA KG,aves,384.0,00/00/00,Pendente de atualização de data
Screenshot_20260824_171733_Calculator.jpg,Coluna 13 piso\Coluna 4,4,Piso,Esquerda,congelado:C4-N1-E:misto,22862,PEITO FGO CONG NATTO IND KG,aves,90.0,00/00/00,Pendente de atualização de data
Screenshot_20260824_171850_Calculator.jpg,Coluna 13 piso\Coluna 4,4,Piso,Direita,congelado:C4-N1-D:misto,19629,FILEZINHO FGO CONG PERDIGAO PCT800G,aves,180.0,00/00/00,Pendente de atualização de data
Screenshot_20260824_171925_Calculator.jpg,Coluna 13 piso\Coluna 4,4,Piso,Esquerda,congelado:C4-N1-E:misto,20723,FILE PEITO FGO C ASSA F SEARA 800G SEARA ASSA ÁCI( DE PEITO,aves,20.0,00/00/00,Pendente de atualização de data
Screenshot_20260824_172003_Dext Mobile SM Novo Atacarejo.jpg,Coluna 13 piso\Coluna 4,4,Piso,Direita,congelado:C4-N1-D:misto,20727,FGO INT CONG ASSA F SEARA KG,aves,0.0,00/00/00,Pendente de atualização de data
Screenshot_20260824_172023_Calculator.jpg,Coluna 13 piso\Coluna 4,4,Piso,Esquerda,congelado:C4-N1-E:misto,71904,COXA C SOB CONG GUIBON KG,aves,72.0,00/00/00,Pendente de atualização de data
Screenshot_20260824_172118_Dext Mobile SM Novo Atacarejo.jpg,Coluna 13 piso\Coluna 4,4,Piso,Direita,congelado:C4-N1-D:misto,63298,COXA C SOB DORSAL CANCAO ENV KG,aves,54.0,00/00/00,Pendente de atualização de data
Screenshot_20260824_172142_Calculator.jpg,Coluna 13 piso\Coluna 4,4,Piso,Esquerda,congelado:C4-N1-E:misto,47058,COXA FGO CG SEARA TEMP LQF 1 KG,aves,1.0,00/00/00,Pendente de atualização de data
Screenshot_20260824_172835_Calculator.jpg,Coluna 13 piso\Coluna 4,4,Piso,Direita,congelado:C4-N1-D:misto,31841,FILEZINHO SASSAMI NATTO CONG BD IKG NAT. FILEZINHO DE PEITO (SASSAMI) FRESCO CORTES,aves,0.0,00/00/00,Pendente de atualização de data
Screenshot_20260824_172855_Calculator.jpg,Coluna 13 piso\Coluna 4,4,Piso,Esquerda,congelado:C4-N1-E:misto,22706,COXA FGO CG NATTO BDL KG,aves,144.0,00/00/00,Pendente de atualização de data
Screenshot_20260824_173032_Calculator.jpg,Coluna 13 piso\Coluna 4,4,Piso,Direita,congelado:C4-N1-D:misto,11736,18X1D PERTENC FGO CANJA CG MAURICEA KG,aves,288.0,00/00/00,Pendente de atualização de data
Screenshot_20260824_173235_Calculator.jpg,Coluna 13 piso\Coluna 4,4,Piso,Esquerda,congelado:C4-N1-E:misto,22862,PEITO FGO CONG NATTO IND KG,aves,72.0,00/00/00,Pendente de atualização de data
Screenshot_20260824_173324_Calculator.jpg,Coluna 13 piso\Coluna 4,4,Piso,Direita,congelado:C4-N1-D:misto,22709,FIGADO FGO CG NATTO BDL KG,aves,36.0,00/00/00,Pendente de atualização de data
Screenshot_20260824_173619_Dext Mobile SM Novo Atacarejo.jpg,Coluna 13 piso\Coluna 4,4,Piso,Esquerda,congelado:C4-N1-E:misto,37016,PEITO FGO TEMP DESF CG SADIA 400G SDIA,aves,36.0,00/00/00,Pendente de atualização de data
20260822_154410.jpg,Coluna 13 piso\Coluna 5 aéreo,5,Aéreo,Direita,congelado:C5-N2-D:misto,20747,20260822_154410.JPG,aves,0.0,00/00/00,Pendente de atualização de data
20260822_154430.jpg,Coluna 13 piso\Coluna 5 aéreo,5,Aéreo,Esquerda,congelado:C5-N2-E:misto,PEND-139,20260822_154430.JPG,aves,0.0,00/00/00,Pendente de atualização de data
20260822_154438.jpg,Coluna 13 piso\Coluna 5 aéreo,5,Aéreo,Direita,congelado:C5-N2-D:misto,PEND-140,20260822_154438.JPG,aves,0.0,00/00/00,Pendente de atualização de data
Screenshot_20260822_154559_Calculator.jpg,Coluna 13 piso\Coluna 5 aéreo,5,Aéreo,Esquerda,congelado:C5-N2-E:misto,31841,FILEZINHO SASSAMI NATTO CONG BD IKG NAT. FILEZINHO DE PEITO (SASSAMI) FRESCO CORTES,aves,420.0,00/00/00,Pendente de atualização de data
Screenshot_20260822_154755_Dext Mobile SM Novo Atacarejo.jpg,Coluna 13 piso\Coluna 5 aéreo,5,Aéreo,Direita,congelado:C5-N2-D:misto,52628,COXA C SOB FGO FORMOSO CONG KG G,aves,495.0,00/00/00,Pendente de atualização de data
Screenshot_20260822_154858_Dext Mobile SM Novo Atacarejo.jpg,Coluna 13 piso\Coluna 5 aéreo,5,Aéreo,Esquerda,congelado:C5-N2-E:misto,63298,COXA C SOB DORSAL CANCAO ENV KG,aves,225.0,00/00/00,Pendente de atualização de data
20260822_121247.jpg,Coluna 13 piso\Coluna 5 piso\Coluna 6 aéreo,6,Aéreo,Direita,congelado:C6-N2-D:misto,PEND-144,20260822_121247.JPG,aves,27.0,00/00/00,Pendente de atualização de data
20260822_121730.jpg,Coluna 13 piso\Coluna 5 piso\Coluna 6 aéreo,6,Aéreo,Esquerda,congelado:C6-N2-E:misto,PEND-145,20260822_121730.JPG,aves,0.0,00/00/00,Pendente de atualização de data
20260822_121736.jpg,Coluna 13 piso\Coluna 5 piso\Coluna 6 aéreo,6,Aéreo,Direita,congelado:C6-N2-D:misto,PEND-146,20260822_121736.JPG,aves,0.0,00/00/00,Pendente de atualização de data
20260822_121739.jpg,Coluna 13 piso\Coluna 5 piso\Coluna 6 aéreo,6,Aéreo,Esquerda,congelado:C6-N2-E:misto,PEND-147,20260822_121739.JPG,aves,0.0,00/00/00,Pendente de atualização de data
20260822_123427.jpg,Coluna 13 piso\Coluna 5 piso\Coluna 6 aéreo,6,Aéreo,Direita,congelado:C6-N2-D:misto,PEND-148,20260822_123427.JPG,aves,0.0,00/00/00,Pendente de atualização de data
Screenshot_20260822_122110_Calculator.jpg,Coluna 13 piso\Coluna 5 piso\Coluna 6 aéreo,6,Aéreo,Esquerda,congelado:C6-N2-E:misto,53547,FRANGO CONG CAIPIRA NHO BENTO KG,aves,432.0,00/00/00,Pendente de atualização de data
Screenshot_20260824_164413_Calculator.jpg,Coluna 13 piso\Coluna 5 piso,5,Piso,Direita,congelado:C5-N1-D:misto,52627,PEITO DE FRANGO FORMOSO CONG IND KG,aves,682.0,00/00/00,Pendente de atualização de data
Screenshot_20260824_164622_Calculator.jpg,Coluna 13 piso\Coluna 5 piso,5,Piso,Esquerda,congelado:C5-N1-E:misto,22712,CARCACA FGO CG NATTO KG,aves,34.0,00/00/00,Pendente de atualização de data
Screenshot_20260824_164716_Dext Mobile SM Novo Atacarejo.jpg,Coluna 13 piso\Coluna 5 piso,5,Piso,Direita,congelado:C5-N1-D:misto,99747,LING SUINA SEARA CG 600G CHIMICHURRI,suino,34.0,00/00/00,Pendente de atualização de data
Screenshot_20260824_164745_Dext Mobile SM Novo Atacarejo.jpg,Coluna 13 piso\Coluna 5 piso,5,Piso,Esquerda,congelado:C5-N1-E:misto,97641,CORACAO FRANGO CONG GUIBON SC 1 KG,aves,1.0,00/00/00,Pendente de atualização de data
Screenshot_20260824_165558_Dext Mobile SM Novo Atacarejo.jpg,Coluna 13 piso\Coluna 5 piso,5,Piso,Direita,congelado:C5-N1-D:misto,19654,COXA FGO CG ASSA F SADIA 800G,aves,48.0,00/00/00,Pendente de atualização de data
Screenshot_20260824_165647_Calculator.jpg,Coluna 13 piso\Coluna 5 piso,5,Piso,Esquerda,congelado:C5-N1-E:misto,19655,SOBCOX FGO CG ASSA F SADIA 800G FÁCIL SADIA,aves,32.0,00/00/00,Pendente de atualização de data
Screenshot_20260824_170128_Calculator.jpg,Coluna 13 piso\Coluna 5 piso,5,Piso,Direita,congelado:C5-N1-D:misto,19637,FILEZINHO FGO CG PERDIGAO BDL KG,aves,156.0,00/00/00,Pendente de atualização de data
Screenshot_20260824_170200_Calculator.jpg,Coluna 13 piso\Coluna 5 piso,5,Piso,Esquerda,congelado:C5-N1-E:misto,37000,FILE PEITO FGO CG CORTE SADIA BDL KG,aves,132.0,00/00/00,Pendente de atualização de data
Screenshot_20260824_170236_Dext Mobile SM Novo Atacarejo.jpg,Coluna 13 piso\Coluna 5 piso,5,Piso,Direita,congelado:C5-N1-D:misto,52601,FILE DE PEITO CONG FGO FORMOSO 1 KG,aves,1.0,00/00/00,Pendente de atualização de data
Screenshot_20260824_170617_Dext Mobile SM Novo Atacarejo.jpg,Coluna 13 piso\Coluna 5 piso,5,Piso,Esquerda,congelado:C5-N1-E:misto,22862,PEITO FGO CONG NATTO IND KG,aves,162.0,00/00/00,Pendente de atualização de data
Screenshot_20260824_160028_Calculator.jpg,Coluna 13 piso\Coluna 6 piso,6,Piso,Direita,congelado:C6-N1-D:misto,28028,FILE PEITO FGO CG GUIBON KG,aves,15.0,00/00/00,Pendente de atualização de data
Screenshot_20260824_160148_Calculator.jpg,Coluna 13 piso\Coluna 6 piso,6,Piso,Esquerda,congelado:C6-N1-E:misto,97630,FILEZINHO FGO SASSAMI CG GUIBON 1 KG,aves,1.0,00/00/00,Pendente de atualização de data
Screenshot_20260824_160514_Calculator.jpg,Coluna 13 piso\Coluna 6 piso,6,Piso,Direita,congelado:C6-N1-D:misto,7894904602919,PERNIL SUI CONG SUCULENT SEARA KG TEMP,aves,919.0,00/00/00,Pendente de atualização de data
Screenshot_20260824_161156_Calculator.jpg,Coluna 13 piso\Coluna 6 piso,6,Piso,Esquerda,congelado:C6-N1-E:misto,76485,PANCETA SUIN CONG PORC SEARA KG,suino,72.0,00/00/00,Pendente de atualização de data
Screenshot_20260824_161300_Calculator.jpg,Coluna 13 piso\Coluna 6 piso,6,Piso,Direita,congelado:C6-N1-D:misto,76486,FILE MIGNON CONG PORC SEARA KG,aves,19.0,00/00/00,Pendente de atualização de data
Screenshot_20260824_161356_Calculator.jpg,Coluna 13 piso\Coluna 6 piso,6,Piso,Esquerda,congelado:C6-N1-E:misto,19632,FILE PEITO FGO CG SADIA BDL KG,aves,252.0,00/00/00,Pendente de atualização de data
Screenshot_20260824_162445_Calculator.jpg,Coluna 13 piso\Coluna 6 piso,6,Piso,Direita,congelado:C6-N1-D:misto,11877,COXA FGO CG MAURICEA LQF PCT 1 KG CONAS,aves,1.0,00/00/00,Pendente de atualização de data
Screenshot_20260824_162519_Calculator.jpg,Coluna 13 piso\Coluna 6 piso,6,Piso,Esquerda,congelado:C6-N1-E:misto,20749,FILEZINHO FGO LQF CONG SEARA PCTL KG,aves,736.0,00/00/00,Pendente de atualização de data
Screenshot_20260824_162639_Dext Mobile SM Novo Atacarejo.jpg,Coluna 13 piso\Coluna 6 piso,6,Piso,Direita,congelado:C6-N1-D:misto,47069,FILE PEIT CG SEARA DAGRANJA BD 600G SEARA DE PEITO,aves,75.0,00/00/00,Pendente de atualização de data
Screenshot_20260824_162931_Calculator.jpg,Coluna 13 piso\Coluna 6 piso,6,Piso,Esquerda,congelado:C6-N1-E:misto,20743,COXA FGO CG SEARA BDL KG,aves,72.0,00/00/00,Pendente de atualização de data
Screenshot_20260824_162951_Calculator.jpg,Coluna 13 piso\Coluna 6 piso,6,Piso,Direita,congelado:C6-N1-D:misto,20754,COXA LQF SEARA 1 KG,aves,1.0,00/00/00,Pendente de atualização de data
Screenshot_20260824_163132_Calculator.jpg,Coluna 13 piso\Coluna 6 piso,6,Piso,Esquerda,congelado:C6-N1-E:misto,19633,FILEZINHO FGO CONG SADIA BDL KG 6X12,aves,72.0,00/00/00,Pendente de atualização de data
20260822_121005.jpg,Coluna 13 piso\Coluna 7 aéreo,7,Aéreo,Direita,congelado:C7-N2-D:misto,PEND-172,¯ PETTO FGO CÓD\G0 DO,aves,0.0,00/00/00,Pendente de atualização de data
20260822_121012.jpg,Coluna 13 piso\Coluna 7 aéreo,7,Aéreo,Esquerda,congelado:C7-N2-E:misto,20807,20260822_121012.JPG,aves,151.0,00/00/00,Pendente de atualização de data
20260822_121051.jpg,Coluna 13 piso\Coluna 7 aéreo,7,Aéreo,Direita,congelado:C7-N2-D:misto,PEND-174,20260822_121051.JPG,aves,0.0,00/00/00,Pendente de atualização de data
Screenshot_20260822_164402_Dext Mobile SM Novo Atacarejo.jpg,Coluna 13 piso\Coluna 7 aéreo\Coluna 1 piso\Coluna 1 aéreo,1,Aéreo,Esquerda,congelado:C1-N2-E:misto,31841,FILEZINHO SASSAMI NATTO CONG BD IKG NAT. FILEZINHO DE PEITO (SASSAMI) FRESCO CORTES,aves,149.0,00/00/00,Pendente de atualização de data
Screenshot_20260825_103529_Calculator.jpg,Coluna 13 piso\Coluna 7 aéreo\Coluna 1 piso\Coluna 1 aéreo,1,Aéreo,Direita,congelado:C1-N2-D:misto,20754,COXA LQF SEARA 1 KG,aves,1.0,00/00/00,Pendente de atualização de data
Screenshot_20260825_103604_Calculator.jpg,Coluna 13 piso\Coluna 7 aéreo\Coluna 1 piso\Coluna 1 aéreo,1,Aéreo,Esquerda,congelado:C1-N2-E:misto,20749,FILEZINHO FGO LQF CONG SEARA PCTL KG,aves,736.0,00/00/00,Pendente de atualização de data
Screenshot_20260825_103750_Dext Mobile SM Novo Atacarejo.jpg,Coluna 13 piso\Coluna 7 aéreo\Coluna 1 piso\Coluna 1 aéreo,1,Aéreo,Direita,congelado:C1-N2-D:misto,23645,COXA SOB FGO CONG AURORA FW PACK KG,aves,664.0,00/00/00,Pendente de atualização de data
Screenshot_20260825_102816_Calculator.jpg,Coluna 13 piso\Coluna 7 aéreo\Coluna 1 piso,1,Aéreo,Esquerda,congelado:C1-N2-E:misto,19874,FGO INT CONG MAURICEA KG,aves,740.0,00/00/00,Pendente de atualização de data
Screenshot_20260825_102841_Calculator.jpg,Coluna 13 piso\Coluna 7 aéreo\Coluna 1 piso,1,Aéreo,Direita,congelado:C1-N2-D:misto,20249,PEITO FGO CONG MAURICEA BDL KG ARTES CONGELADOS DE FRANGO ÃKG,aves,24.0,00/00/00,Pendente de atualização de data
Screenshot_20260825_102914_Calculator.jpg,Coluna 13 piso\Coluna 7 aéreo\Coluna 1 piso,1,Aéreo,Esquerda,congelado:C1-N2-E:misto,20264,PEITO FGO CONG MAURICEA IND KG,aves,540.0,00/00/00,Pendente de atualização de data
20260822_160557.jpg,Coluna 13 piso\Coluna 7 aéreo\Coluna 3 aéreo,3,Aéreo,Direita,congelado:C3-N2-D:misto,19637,20260822_160557.JPG,aves,0.0,00/00/00,Pendente de atualização de data
20260822_160624.jpg,Coluna 13 piso\Coluna 7 aéreo\Coluna 3 aéreo,3,Aéreo,Esquerda,congelado:C3-N2-E:misto,PEND-183,20260822_160624.JPG,aves,0.0,00/00/00,Pendente de atualização de data
20260822_160950.jpg,Coluna 13 piso\Coluna 7 aéreo\Coluna 3 aéreo,3,Aéreo,Direita,congelado:C3-N2-D:misto,PEND-184,20260822_160950.JPG,aves,0.0,00/00/00,Pendente de atualização de data
Screenshot_20260822_160728_Dext Mobile SM Novo Atacarejo.jpg,Coluna 13 piso\Coluna 7 aéreo\Coluna 3 aéreo,3,Aéreo,Esquerda,congelado:C3-N2-E:misto,20743,COXA FGO CG SEARA BDL KG,aves,221.0,00/00/00,Pendente de atualização de data
Screenshot_20260822_160835_Dext Mobile SM Novo Atacarejo.jpg,Coluna 13 piso\Coluna 7 aéreo\Coluna 3 aéreo,3,Aéreo,Direita,congelado:C3-N2-D:misto,19628,FILE PEITO FGO CG PERDIGAO 800G JÁ SOLTINHA PERDIGÃO,aves,310.0,00/00/00,Pendente de atualização de data
Screenshot_20260822_160927_Calculator.jpg,Coluna 13 piso\Coluna 7 aéreo\Coluna 3 aéreo,3,Aéreo,Esquerda,congelado:C3-N2-E:misto,63298,COXA C SOB DORSAL CANCAO ENV KG,aves,225.0,00/00/00,Pendente de atualização de data
20260822_155739.jpg,Coluna 13 piso\Coluna 7 aéreo\Coluna 4\Coluna 4 aéreo,4,Aéreo,Direita,congelado:C4-N2-D:misto,PEND-188,20260822_155739.JPG,aves,72.0,00/00/00,Pendente de atualização de data
20260822_155748.jpg,Coluna 13 piso\Coluna 7 aéreo\Coluna 4\Coluna 4 aéreo,4,Aéreo,Esquerda,congelado:C4-N2-E:misto,PEND-189,20260822_155748.JPG,aves,720.0,00/00/00,Pendente de atualização de data
20260822_155754.jpg,Coluna 13 piso\Coluna 7 aéreo\Coluna 4\Coluna 4 aéreo,4,Aéreo,Direita,congelado:C4-N2-D:misto,PEND-190,20260822_155754.JPG,aves,0.0,00/00/00,Pendente de atualização de data
20260822_155800.jpg,Coluna 13 piso\Coluna 7 aéreo\Coluna 4\Coluna 4 aéreo,4,Aéreo,Esquerda,congelado:C4-N2-E:misto,PEND-191,FGO CG,aves,0.0,00/00/00,Pendente de atualização de data
Screenshot_20260822_160051_Calculator.jpg,Coluna 13 piso\Coluna 7 aéreo\Coluna 4\Coluna 4 aéreo,4,Aéreo,Direita,congelado:C4-N2-D:misto,22703,PEITO FGO CG NATTO BDL KG NATTO PEITO CORTES CONGELADOS DE FRANGO,aves,240.0,00/00/00,Pendente de atualização de data
Screenshot_20260825_101045_Dext Mobile SM Novo Atacarejo.jpg,Coluna 13 piso\Coluna 7 aéreo\Coluna 4\Coluna 4 aéreo,4,Aéreo,Esquerda,congelado:C4-N2-E:misto,11736,PERTENC FGO CANJA CG MAURICEA KG,aves,384.0,00/00/00,Pendente de atualização de data
Screenshot_20260824_171733_Calculator.jpg,Coluna 13 piso\Coluna 7 aéreo\Coluna 4,4,Aéreo,Direita,congelado:C4-N2-D:misto,22862,PEITO FGO CONG NATTO IND KG,aves,90.0,00/00/00,Pendente de atualização de data
Screenshot_20260824_171850_Calculator.jpg,Coluna 13 piso\Coluna 7 aéreo\Coluna 4,4,Aéreo,Esquerda,congelado:C4-N2-E:misto,19629,FILEZINHO FGO CONG PERDIGAO PCT800G,aves,180.0,00/00/00,Pendente de atualização de data
Screenshot_20260824_171925_Calculator.jpg,Coluna 13 piso\Coluna 7 aéreo\Coluna 4,4,Aéreo,Direita,congelado:C4-N2-D:misto,20723,FILE PEITO FGO C ASSA F SEARA 800G SEARA ASSA ÁCI( DE PEITO,aves,20.0,00/00/00,Pendente de atualização de data
Screenshot_20260824_172003_Dext Mobile SM Novo Atacarejo.jpg,Coluna 13 piso\Coluna 7 aéreo\Coluna 4,4,Aéreo,Esquerda,congelado:C4-N2-E:misto,20727,FGO INT CONG ASSA F SEARA KG,aves,0.0,00/00/00,Pendente de atualização de data
Screenshot_20260824_172023_Calculator.jpg,Coluna 13 piso\Coluna 7 aéreo\Coluna 4,4,Aéreo,Direita,congelado:C4-N2-D:misto,71904,COXA C SOB CONG GUIBON KG,aves,72.0,00/00/00,Pendente de atualização de data
Screenshot_20260824_172118_Dext Mobile SM Novo Atacarejo.jpg,Coluna 13 piso\Coluna 7 aéreo\Coluna 4,4,Aéreo,Esquerda,congelado:C4-N2-E:misto,63298,COXA C SOB DORSAL CANCAO ENV KG,aves,54.0,00/00/00,Pendente de atualização de data
Screenshot_20260824_172142_Calculator.jpg,Coluna 13 piso\Coluna 7 aéreo\Coluna 4,4,Aéreo,Direita,congelado:C4-N2-D:misto,47058,COXA FGO CG SEARA TEMP LQF 1 KG,aves,1.0,00/00/00,Pendente de atualização de data
Screenshot_20260824_172835_Calculator.jpg,Coluna 13 piso\Coluna 7 aéreo\Coluna 4,4,Aéreo,Esquerda,congelado:C4-N2-E:misto,31841,FILEZINHO SASSAMI NATTO CONG BD IKG NAT. FILEZINHO DE PEITO (SASSAMI) FRESCO CORTES,aves,0.0,00/00/00,Pendente de atualização de data
Screenshot_20260824_172855_Calculator.jpg,Coluna 13 piso\Coluna 7 aéreo\Coluna 4,4,Aéreo,Direita,congelado:C4-N2-D:misto,22706,COXA FGO CG NATTO BDL KG,aves,144.0,00/00/00,Pendente de atualização de data
Screenshot_20260824_173032_Calculator.jpg,Coluna 13 piso\Coluna 7 aéreo\Coluna 4,4,Aéreo,Esquerda,congelado:C4-N2-E:misto,11736,18X1D PERTENC FGO CANJA CG MAURICEA KG,aves,288.0,00/00/00,Pendente de atualização de data
Screenshot_20260824_173235_Calculator.jpg,Coluna 13 piso\Coluna 7 aéreo\Coluna 4,4,Aéreo,Direita,congelado:C4-N2-D:misto,22862,PEITO FGO CONG NATTO IND KG,aves,72.0,00/00/00,Pendente de atualização de data
Screenshot_20260824_173324_Calculator.jpg,Coluna 13 piso\Coluna 7 aéreo\Coluna 4,4,Aéreo,Esquerda,congelado:C4-N2-E:misto,22709,FIGADO FGO CG NATTO BDL KG,aves,36.0,00/00/00,Pendente de atualização de data
Screenshot_20260824_173619_Dext Mobile SM Novo Atacarejo.jpg,Coluna 13 piso\Coluna 7 aéreo\Coluna 4,4,Aéreo,Direita,congelado:C4-N2-D:misto,37016,PEITO FGO TEMP DESF CG SADIA 400G SDIA,aves,36.0,00/00/00,Pendente de atualização de data
20260822_154410.jpg,Coluna 13 piso\Coluna 7 aéreo\Coluna 5 aéreo,5,Aéreo,Esquerda,congelado:C5-N2-E:misto,20747,20260822_154410.JPG,aves,0.0,00/00/00,Pendente de atualização de data
20260822_154430.jpg,Coluna 13 piso\Coluna 7 aéreo\Coluna 5 aéreo,5,Aéreo,Direita,congelado:C5-N2-D:misto,PEND-208,20260822_154430.JPG,aves,0.0,00/00/00,Pendente de atualização de data
20260822_154438.jpg,Coluna 13 piso\Coluna 7 aéreo\Coluna 5 aéreo,5,Aéreo,Esquerda,congelado:C5-N2-E:misto,PEND-209,20260822_154438.JPG,aves,0.0,00/00/00,Pendente de atualização de data
Screenshot_20260822_154559_Calculator.jpg,Coluna 13 piso\Coluna 7 aéreo\Coluna 5 aéreo,5,Aéreo,Direita,congelado:C5-N2-D:misto,31841,FILEZINHO SASSAMI NATTO CONG BD IKG NAT. FILEZINHO DE PEITO (SASSAMI) FRESCO CORTES,aves,420.0,00/00/00,Pendente de atualização de data
Screenshot_20260822_154755_Dext Mobile SM Novo Atacarejo.jpg,Coluna 13 piso\Coluna 7 aéreo\Coluna 5 aéreo,5,Aéreo,Esquerda,congelado:C5-N2-E:misto,52628,COXA C SOB FGO FORMOSO CONG KG G,aves,495.0,00/00/00,Pendente de atualização de data
Screenshot_20260822_154858_Dext Mobile SM Novo Atacarejo.jpg,Coluna 13 piso\Coluna 7 aéreo\Coluna 5 aéreo,5,Aéreo,Direita,congelado:C5-N2-D:misto,63298,COXA C SOB DORSAL CANCAO ENV KG,aves,225.0,00/00/00,Pendente de atualização de data
20260822_121247.jpg,Coluna 13 piso\Coluna 7 aéreo\Coluna 5 piso\Coluna 6 aéreo,6,Aéreo,Esquerda,congelado:C6-N2-E:misto,PEND-213,20260822_121247.JPG,aves,27.0,00/00/00,Pendente de atualização de data
20260822_121730.jpg,Coluna 13 piso\Coluna 7 aéreo\Coluna 5 piso\Coluna 6 aéreo,6,Aéreo,Direita,congelado:C6-N2-D:misto,PEND-214,20260822_121730.JPG,aves,0.0,00/00/00,Pendente de atualização de data
20260822_121736.jpg,Coluna 13 piso\Coluna 7 aéreo\Coluna 5 piso\Coluna 6 aéreo,6,Aéreo,Esquerda,congelado:C6-N2-E:misto,PEND-215,20260822_121736.JPG,aves,0.0,00/00/00,Pendente de atualização de data
20260822_121739.jpg,Coluna 13 piso\Coluna 7 aéreo\Coluna 5 piso\Coluna 6 aéreo,6,Aéreo,Direita,congelado:C6-N2-D:misto,PEND-216,20260822_121739.JPG,aves,0.0,00/00/00,Pendente de atualização de data
20260822_123427.jpg,Coluna 13 piso\Coluna 7 aéreo\Coluna 5 piso\Coluna 6 aéreo,6,Aéreo,Esquerda,congelado:C6-N2-E:misto,PEND-217,20260822_123427.JPG,aves,0.0,00/00/00,Pendente de atualização de data
Screenshot_20260822_122110_Calculator.jpg,Coluna 13 piso\Coluna 7 aéreo\Coluna 5 piso\Coluna 6 aéreo,6,Aéreo,Direita,congelado:C6-N2-D:misto,53547,FRANGO CONG CAIPIRA NHO BENTO KG,aves,432.0,00/00/00,Pendente de atualização de data
Screenshot_20260824_164413_Calculator.jpg,Coluna 13 piso\Coluna 7 aéreo\Coluna 5 piso,5,Aéreo,Esquerda,congelado:C5-N2-E:misto,52627,PEITO DE FRANGO FORMOSO CONG IND KG,aves,682.0,00/00/00,Pendente de atualização de data
Screenshot_20260824_164622_Calculator.jpg,Coluna 13 piso\Coluna 7 aéreo\Coluna 5 piso,5,Aéreo,Direita,congelado:C5-N2-D:misto,22712,CARCACA FGO CG NATTO KG,aves,34.0,00/00/00,Pendente de atualização de data
Screenshot_20260824_164716_Dext Mobile SM Novo Atacarejo.jpg,Coluna 13 piso\Coluna 7 aéreo\Coluna 5 piso,5,Aéreo,Esquerda,congelado:C5-N2-E:misto,99747,LING SUINA SEARA CG 600G CHIMICHURRI,suino,34.0,00/00/00,Pendente de atualização de data
Screenshot_20260824_164745_Dext Mobile SM Novo Atacarejo.jpg,Coluna 13 piso\Coluna 7 aéreo\Coluna 5 piso,5,Aéreo,Direita,congelado:C5-N2-D:misto,97641,CORACAO FRANGO CONG GUIBON SC 1 KG,aves,1.0,00/00/00,Pendente de atualização de data
Screenshot_20260824_165558_Dext Mobile SM Novo Atacarejo.jpg,Coluna 13 piso\Coluna 7 aéreo\Coluna 5 piso,5,Aéreo,Esquerda,congelado:C5-N2-E:misto,19654,COXA FGO CG ASSA F SADIA 800G,aves,48.0,00/00/00,Pendente de atualização de data
Screenshot_20260824_165647_Calculator.jpg,Coluna 13 piso\Coluna 7 aéreo\Coluna 5 piso,5,Aéreo,Direita,congelado:C5-N2-D:misto,19655,SOBCOX FGO CG ASSA F SADIA 800G FÁCIL SADIA,aves,32.0,00/00/00,Pendente de atualização de data
Screenshot_20260824_170128_Calculator.jpg,Coluna 13 piso\Coluna 7 aéreo\Coluna 5 piso,5,Aéreo,Esquerda,congelado:C5-N2-E:misto,19637,FILEZINHO FGO CG PERDIGAO BDL KG,aves,156.0,00/00/00,Pendente de atualização de data
Screenshot_20260824_170200_Calculator.jpg,Coluna 13 piso\Coluna 7 aéreo\Coluna 5 piso,5,Aéreo,Direita,congelado:C5-N2-D:misto,37000,FILE PEITO FGO CG CORTE SADIA BDL KG,aves,132.0,00/00/00,Pendente de atualização de data
Screenshot_20260824_170236_Dext Mobile SM Novo Atacarejo.jpg,Coluna 13 piso\Coluna 7 aéreo\Coluna 5 piso,5,Aéreo,Esquerda,congelado:C5-N2-E:misto,52601,FILE DE PEITO CONG FGO FORMOSO 1 KG,aves,1.0,00/00/00,Pendente de atualização de data
Screenshot_20260824_170617_Dext Mobile SM Novo Atacarejo.jpg,Coluna 13 piso\Coluna 7 aéreo\Coluna 5 piso,5,Aéreo,Direita,congelado:C5-N2-D:misto,22862,PEITO FGO CONG NATTO IND KG,aves,162.0,00/00/00,Pendente de atualização de data
Screenshot_20260824_160028_Calculator.jpg,Coluna 13 piso\Coluna 7 aéreo\Coluna 6 piso,6,Aéreo,Esquerda,congelado:C6-N2-E:misto,28028,FILE PEITO FGO CG GUIBON KG,aves,15.0,00/00/00,Pendente de atualização de data
Screenshot_20260824_160148_Calculator.jpg,Coluna 13 piso\Coluna 7 aéreo\Coluna 6 piso,6,Aéreo,Direita,congelado:C6-N2-D:misto,97630,FILEZINHO FGO SASSAMI CG GUIBON 1 KG,aves,1.0,00/00/00,Pendente de atualização de data
Screenshot_20260824_160514_Calculator.jpg,Coluna 13 piso\Coluna 7 aéreo\Coluna 6 piso,6,Aéreo,Esquerda,congelado:C6-N2-E:misto,7894904602919,PERNIL SUI CONG SUCULENT SEARA KG TEMP,aves,919.0,00/00/00,Pendente de atualização de data
Screenshot_20260824_161156_Calculator.jpg,Coluna 13 piso\Coluna 7 aéreo\Coluna 6 piso,6,Aéreo,Direita,congelado:C6-N2-D:misto,76485,PANCETA SUIN CONG PORC SEARA KG,suino,72.0,00/00/00,Pendente de atualização de data
Screenshot_20260824_161300_Calculator.jpg,Coluna 13 piso\Coluna 7 aéreo\Coluna 6 piso,6,Aéreo,Esquerda,congelado:C6-N2-E:misto,76486,FILE MIGNON CONG PORC SEARA KG,aves,19.0,00/00/00,Pendente de atualização de data
Screenshot_20260824_161356_Calculator.jpg,Coluna 13 piso\Coluna 7 aéreo\Coluna 6 piso,6,Aéreo,Direita,congelado:C6-N2-D:misto,19632,FILE PEITO FGO CG SADIA BDL KG,aves,252.0,00/00/00,Pendente de atualização de data
Screenshot_20260824_162445_Calculator.jpg,Coluna 13 piso\Coluna 7 aéreo\Coluna 6 piso,6,Aéreo,Esquerda,congelado:C6-N2-E:misto,11877,COXA FGO CG MAURICEA LQF PCT 1 KG CONAS,aves,1.0,00/00/00,Pendente de atualização de data
Screenshot_20260824_162519_Calculator.jpg,Coluna 13 piso\Coluna 7 aéreo\Coluna 6 piso,6,Aéreo,Direita,congelado:C6-N2-D:misto,20749,FILEZINHO FGO LQF CONG SEARA PCTL KG,aves,736.0,00/00/00,Pendente de atualização de data
Screenshot_20260824_162639_Dext Mobile SM Novo Atacarejo.jpg,Coluna 13 piso\Coluna 7 aéreo\Coluna 6 piso,6,Aéreo,Esquerda,congelado:C6-N2-E:misto,47069,FILE PEIT CG SEARA DAGRANJA BD 600G SEARA DE PEITO,aves,75.0,00/00/00,Pendente de atualização de data
Screenshot_20260824_162931_Calculator.jpg,Coluna 13 piso\Coluna 7 aéreo\Coluna 6 piso,6,Aéreo,Direita,congelado:C6-N2-D:misto,20743,COXA FGO CG SEARA BDL KG,aves,72.0,00/00/00,Pendente de atualização de data
Screenshot_20260824_162951_Calculator.jpg,Coluna 13 piso\Coluna 7 aéreo\Coluna 6 piso,6,Aéreo,Esquerda,congelado:C6-N2-E:misto,20754,COXA LQF SEARA 1 KG,aves,1.0,00/00/00,Pendente de atualização de data
Screenshot_20260824_163132_Calculator.jpg,Coluna 13 piso\Coluna 7 aéreo\Coluna 6 piso,6,Aéreo,Direita,congelado:C6-N2-D:misto,19633,FILEZINHO FGO CONG SADIA BDL KG 6X12,aves,72.0,00/00/00,Pendente de atualização de data
Screenshot_20260824_153548_Calculator.jpg,Coluna 13 piso\Coluna 7 aéreo\Coluna 7 piso,7,Aéreo,Esquerda,congelado:C7-N2-E:misto,52626,32X1D FILEZINHO SASSAM FRANGO FORMOSO 1 KG,aves,1.0,00/00/00,Pendente de atualização de data
Screenshot_20260824_153627_Calculator.jpg,Coluna 13 piso\Coluna 7 aéreo\Coluna 7 piso,7,Aéreo,Direita,congelado:C7-N2-D:misto,52624,12X1D COXA C SOBRECOXA FGO FORMOSO BJ 1 KG,aves,1.0,00/00/00,Pendente de atualização de data
Screenshot_20260824_153709_Calculator.jpg,Coluna 13 piso\Coluna 7 aéreo\Coluna 7 piso,7,Aéreo,Esquerda,congelado:C7-N2-E:misto,52601,FILE DE PEITO CONG FGO FORMOSO 1 KG,aves,1.0,00/00/00,Pendente de atualização de data
Screenshot_20260824_154700_Calculator.jpg,Coluna 13 piso\Coluna 7 aéreo\Coluna 7 piso,7,Aéreo,Direita,congelado:C7-N2-D:misto,52627,PEITO DE FRANGO FORMOSO CONG IND KG,aves,75.0,00/00/00,Pendente de atualização de data
Screenshot_20260824_154733_Dext Mobile SM Novo Atacarejo.jpg,Coluna 13 piso\Coluna 7 aéreo\Coluna 7 piso,7,Aéreo,Esquerda,congelado:C7-N2-E:misto,52629,ASA DE FGO FORMOSO CONG INDIVIDUAL,aves,135.0,00/00/00,Pendente de atualização de data
Screenshot_20260824_154907_Calculator.jpg,Coluna 13 piso\Coluna 7 aéreo\Coluna 7 piso,7,Aéreo,Direita,congelado:C7-N2-D:misto,9599,FILEZINHO FGO CONG AURORA BDL KG,aves,264.0,00/00/00,Pendente de atualização de data
Screenshot_20260824_155106_Calculator.jpg,Coluna 13 piso\Coluna 7 aéreo\Coluna 7 piso,7,Aéreo,Esquerda,congelado:C7-N2-E:misto,59046,FILEZINHO DE FRANGO NATTO EMP CROC 700G,aves,30.0,00/00/00,Pendente de atualização de data
Screenshot_20260824_155227_Calculator.jpg,Coluna 13 piso\Coluna 7 aéreo\Coluna 7 piso,7,Aéreo,Direita,congelado:C7-N2-D:misto,102291,FILEZINHO FGO GRE TEM CG NATTO 700G,aves,12.0,00/00/00,Pendente de atualização de data
Screenshot_20260822_121335_Calculator.jpg,Coluna 13 piso\Coluna 7 aéreo,7,Aéreo,Esquerda,congelado:C7-N2-E:misto,20748,FILEZINHO FGO CG SEARA BDL KG SEARA 'FT(EZTHHO,aves,228.0,00/00/00,Pendente de atualização de data
Screenshot_20260822_121442_Calculator.jpg,Coluna 13 piso\Coluna 7 aéreo,7,Aéreo,Direita,congelado:C7-N2-D:misto,22703,PEITO FGO CG NATTO BDL KG NATTO PEITO CORTES CONGELADOS DE FRANGO,aves,112.0,00/00/00,Pendente de atualização de data
Screenshot_20260825_082715_Dext Mobile SM Novo Atacarejo.jpg,Coluna 13 piso\Frente piso,13,Piso,Esquerda,congelado:C13-N1-E:misto,37458,BARRIGA SUINA CG TEMP SAUDALI KG,suino,48.0,00/00/00,Pendente de atualização de data
Screenshot_20260825_082752_Calculator.jpg,Coluna 13 piso\Frente piso,13,Piso,Direita,congelado:C13-N1-D:misto,49270,FRALDINHA SUINA CG TP SUINCO PCT KG,suino,15.0,00/00/00,Pendente de atualização de data
Screenshot_20260825_095652_Dext Mobile SM Novo Atacarejo.jpg,Coluna 13 piso\Frente piso,13,Piso,Esquerda,congelado:C13-N1-E:misto,11817,"COXIN ASA FGO CG TEMP MAURICEA500G A 78 683 VACUO CPXI,FHA DAS ASAS RAPARADA",aves,48.0,00/00/00,Pendente de atualização de data
Screenshot_20260825_095739_Calculator.jpg,Coluna 13 piso\Frente piso,13,Piso,Direita,congelado:C13-N1-D:misto,11778,FILE PEITO FGO CG CUB MAURICEA 400G TEMP 4 78 683 QJO 0 HWJIC4' DE PATÊ REAPERADP OHGELADP,aves,34.0,00/00/00,Pendente de atualização de data
Screenshot_20260825_095821_Dext Mobile SM Novo Atacarejo.jpg,Coluna 13 piso\Frente piso,13,Piso,Esquerda,congelado:C13-N1-E:misto,97635,683,aves,404.0,00/00/00,Pendente de atualização de data
Screenshot_20260825_100006_Dext Mobile SM Novo Atacarejo.jpg,Coluna 13 piso\Frente piso,13,Piso,Direita,congelado:C13-N1-D:misto,9938,LING FGO GRILL CONG NATTO 600G BACON NATTO,aves,132.0,00/00/00,Pendente de atualização de data
Screenshot_20260825_100047_Calculator.jpg,Coluna 13 piso\Frente piso,13,Piso,Esquerda,congelado:C13-N1-E:misto,20746,683,aves,1.0,00/00/00,Pendente de atualização de data
Screenshot_20260825_100201_Dext Mobile SM Novo Atacarejo.jpg,Coluna 13 piso\Frente piso,13,Piso,Direita,congelado:C13-N1-D:misto,102297,683,aves,273.0,00/00/00,Pendente de atualização de data
Screenshot_20260825_100257_Calculator.jpg,Coluna 13 piso\Frente piso,13,Piso,Esquerda,congelado:C13-N1-E:misto,37458,BARRIGA SUINA CG TEMP SAUDALI KG,suino,12.0,00/00/00,Pendente de atualização de data
Screenshot_20260825_100322_Dext Mobile SM Novo Atacarejo.jpg,Coluna 13 piso\Frente piso,13,Piso,Direita,congelado:C13-N1-D:misto,19320,COSTELINHA SUI TEMP CONG SAUDALI KG,suino,771.0,00/00/00,Pendente de atualização de data
Screenshot_20260825_100445_Dext Mobile SM Novo Atacarejo.jpg,Coluna 13 piso\Frente piso,13,Piso,Esquerda,congelado:C13-N1-E:misto,52622,PEITO DE FGO FGO FORMOSO BJ IKG,aves,123.0,00/00/00,Pendente de atualização de data
Screenshot_20260825_100523_Calculator.jpg,Coluna 13 piso\Frente piso,13,Piso,Direita,congelado:C13-N1-D:misto,52626,FILEZINHO SASSAM FRANGO FORMOSO 1 KG,aves,1.0,00/00/00,Pendente de atualização de data
Screenshot_20260825_100535_Dext Mobile SM Novo Atacarejo.jpg,Coluna 13 piso\Frente piso,13,Piso,Esquerda,congelado:C13-N1-E:misto,52601,FILE DE PEITO CONG FGO FORMOSO 1 KG,aves,1.0,00/00/00,Pendente de atualização de data
Screenshot_20260825_100627_Calculator.jpg,Coluna 13 piso\Frente piso,13,Piso,Direita,congelado:C13-N1-D:misto,19320,COSTELINHA SUI TEMP CONG SAUDALI KG,suino,683.0,00/00/00,Pendente de atualização de data
Screenshot_20260824_085742_Calculator.jpg,Coluna 13 piso,13,Piso,Esquerda,congelado:C13-N1-E:misto,39262,CUPIM CG MASTER GRILL KG,bovino,54.0,00/00/00,Pendente de atualização de data
Screenshot_20260824_090255_Dext Mobile SM Novo Atacarejo.jpg,Coluna 13 piso,13,Piso,Direita,congelado:C13-N1-D:misto,22390,ARANHA BOV CG PCT KG,bovino,46.0,00/00/00,Pendente de atualização de data
Screenshot_20260824_090316_Calculator.jpg,Coluna 13 piso,13,Piso,Esquerda,congelado:C13-N1-E:misto,24576,89 682,aves,0.0,00/00/00,Pendente de atualização de data
Screenshot_20260824_090615_Dext Mobile SM Novo Atacarejo.jpg,Coluna 13 piso,13,Piso,Direita,congelado:C13-N1-D:misto,19838,BANANINHA BOV CG PC KG,bovino,146.0,00/00/00,Pendente de atualização de data
Screenshot_20260824_090748_Calculator.jpg,Coluna 13 piso,13,Piso,Esquerda,congelado:C13-N1-E:misto,49222,CAPA FILE CG KG,aves,24.0,00/00/00,Pendente de atualização de data
Screenshot_20260824_091042_Dext Mobile SM Novo Atacarejo.jpg,Coluna 13 piso,13,Piso,Direita,congelado:C13-N1-D:misto,20803,88 682,aves,131.0,00/00/00,Pendente de atualização de data
Screenshot_20260824_091235_Dext Mobile SM Novo Atacarejo.jpg,Coluna 13 piso,13,Piso,Esquerda,congelado:C13-N1-E:misto,23520,87 682,aves,78.0,00/00/00,Pendente de atualização de data
Screenshot_20260824_091634_Calculator.jpg,Coluna 13 piso,13,Piso,Direita,congelado:C13-N1-D:misto,19708,CORACAO BOV CG FRIBOI KG,bovino,24.0,00/00/00,Pendente de atualização de data
Screenshot_20260824_092113_Dext Mobile SM Novo Atacarejo.jpg,Coluna 13 piso,13,Piso,Esquerda,congelado:C13-N1-E:misto,1473,CARNE MOIDA BOV FORTBOI CG 500G 2805,bovino,360.0,00/00/00,Pendente de atualização de data
20260822_084725.jpg,Coluna 14 piso\Coluna 14 aéreo,14,Aéreo,Direita,congelado:C14-N2-D:misto,PEND-274,20260822_084725.JPG,aves,0.0,00/00/00,Pendente de atualização de data
20260822_084728.jpg,Coluna 14 piso\Coluna 14 aéreo,14,Aéreo,Esquerda,congelado:C14-N2-E:misto,PEND-275,20260822_084728.JPG,aves,0.0,00/00/00,Pendente de atualização de data
20260822_084731.jpg,Coluna 14 piso\Coluna 14 aéreo,14,Aéreo,Direita,congelado:C14-N2-D:misto,PEND-276,20260822_084731.JPG,aves,0.0,00/00/00,Pendente de atualização de data
Screenshot_20260822_085323_Dext Mobile SM Novo Atacarejo.jpg,Coluna 14 piso\Coluna 14 aéreo,14,Aéreo,Esquerda,congelado:C14-N2-E:misto,23645,COXA SOB FGO CONG AURORA FW PACK KG,aves,969.0,00/00/00,Pendente de atualização de data
Screenshot_20260822_085508_Dext Mobile SM Novo Atacarejo.jpg,Coluna 14 piso\Coluna 14 aéreo,14,Aéreo,Direita,congelado:C14-N2-D:misto,89964,COXA C SOB DORSAL CONG GUIBON KG,aves,540.0,00/00/00,Pendente de atualização de data
Screenshot_20260822_085618_Dext Mobile SM Novo Atacarejo.jpg,Coluna 14 piso\Coluna 14 aéreo,14,Aéreo,Esquerda,congelado:C14-N2-E:misto,19299,"LING SUINA CG SAUDALI 2,5KG ( FAUAALI )",suino,5.0,00/00/00,Pendente de atualização de data
Screenshot_20260824_082913_Dext Mobile SM Novo Atacarejo.jpg,Coluna 14 piso,14,Piso,Direita,congelado:C14-N1-D:misto,20801,BACO PASSARINHA BOV CG KG,bovino,46.0,00/00/00,Pendente de atualização de data
Screenshot_20260824_083425_Dext Mobile SM Novo Atacarejo.jpg,Coluna 14 piso,14,Piso,Esquerda,congelado:C14-N1-E:misto,28266,CARCACA SUINA PC KG PRODUTO SEM IMAGEM,suino,770.0,00/00/00,Pendente de atualização de data
20260822_162732.jpg,Coluna 2 piso\Coluna 2 aéreo,2,Aéreo,Direita,congelado:C2-N2-D:misto,1941,MAURICEA KG 1941 CÓDIGO DO CONSINCO - --—ÓL'J08/27!19874 P-: CES.:.F CERADO ENV,aves,0.0,00/00/00,Pendente de atualização de data
20260822_162919.jpg,Coluna 2 piso\Coluna 2 aéreo,2,Aéreo,Esquerda,congelado:C2-N2-E:misto,1064,"ARRE SUINO CG INT WAOGOR03B2303 1064-25 CÓDIGO DO CONSINCO 27/07/27 20916 '6408,76 1400 PORJOSE GILBERTO OUVEIRA DA VA",suino,0.0,00/00/00,Pendente de atualização de data
20260822_162941.jpg,Coluna 2 piso\Coluna 2 aéreo,2,Aéreo,Direita,congelado:C2-N2-D:misto,22699,20260822_162941.JPG,aves,0.0,00/00/00,Pendente de atualização de data
Screenshot_20260825_074448_Calculator.jpg,Coluna 2 piso\Coluna 2 aéreo\Coluna 2 piso,2,Aéreo,Esquerda,congelado:C2-N2-E:misto,22699,CÓDIGO,aves,180.0,00/00/00,Pendente de atualização de data
Screenshot_20260825_074520_Calculator.jpg,Coluna 2 piso\Coluna 2 aéreo\Coluna 2 piso,2,Aéreo,Direita,congelado:C2-N2-D:misto,20255,FIGADO FGO CG MAURICEA BDL KG MIÚDOS CONGELADOS DE NGO IGG40,aves,120.0,00/00/00,Pendente de atualização de data
Screenshot_20260825_074551_Calculator.jpg,Coluna 2 piso\Coluna 2 aéreo\Coluna 2 piso,2,Aéreo,Esquerda,congelado:C2-N2-E:misto,20747,FILE PEITO FGO CG SEARA BDL KG,aves,96.0,00/00/00,Pendente de atualização de data
Screenshot_20260825_074626_Calculator.jpg,Coluna 2 piso\Coluna 2 aéreo\Coluna 2 piso,2,Aéreo,Direita,congelado:C2-N2-D:misto,22703,PEITO FGO CG NATTO BDL KG NATTO PEITO CORTES CONGELADOS DE FRANGO,aves,48.0,00/00/00,Pendente de atualização de data
Screenshot_20260825_074748_Calculator.jpg,Coluna 2 piso\Coluna 2 aéreo\Coluna 2 piso,2,Aéreo,Esquerda,congelado:C2-N2-E:misto,89964,COXA C SOB DORSAL CONG GUIBON KG,aves,108.0,00/00/00,Pendente de atualização de data
Screenshot_20260825_075229_Calculator.jpg,Coluna 2 piso\Coluna 2 aéreo\Coluna 2 piso,2,Aéreo,Direita,congelado:C2-N2-D:misto,20756,COXIN ASA FGO LQF SEARA PCTL KG,aves,180.0,00/00/00,Pendente de atualização de data
Screenshot_20260825_080543_Dext Mobile SM Novo Atacarejo.jpg,Coluna 2 piso\Coluna 2 aéreo\Coluna 2 piso,2,Aéreo,Esquerda,congelado:C2-N2-E:misto,20724,SOBCOX FGO CG ASSA F SEARA 800G,aves,210.0,00/00/00,Pendente de atualização de data
Screenshot_20260825_080611_Dext Mobile SM Novo Atacarejo.jpg,Coluna 2 piso\Coluna 2 aéreo\Coluna 2 piso,2,Aéreo,Direita,congelado:C2-N2-D:misto,20756,COXIN ASA FGO LQF SEARA PCTL KG,aves,180.0,00/00/00,Pendente de atualização de data
Screenshot_20260825_080713_Dext Mobile SM Novo Atacarejo.jpg,Coluna 2 piso\Coluna 2 aéreo\Coluna 2 piso,2,Aéreo,Esquerda,congelado:C2-N2-E:misto,37997,FILE COXA SOB CG SEARA LIM ERV 800G,aves,48.0,00/00/00,Pendente de atualização de data
Screenshot_20260825_080817_Dext Mobile SM Novo Atacarejo.jpg,Coluna 2 piso\Coluna 2 aéreo\Coluna 2 piso,2,Aéreo,Direita,congelado:C2-N2-D:misto,37995,SOBRECOXA FGO CG DES SEARA CHIM800G,aves,48.0,00/00/00,Pendente de atualização de data
Screenshot_20260822_162629_Calculator.jpg,Coluna 2 piso\Coluna 2 aéreo,2,Aéreo,Esquerda,congelado:C2-N2-E:misto,52624,COXA C SOBRECOXA FGO FORMOSO BJ 1 KG,aves,1.0,00/00/00,Pendente de atualização de data
Screenshot_20260822_162717_Calculator.jpg,Coluna 2 piso\Coluna 2 aéreo,2,Aéreo,Direita,congelado:C2-N2-D:misto,31841,FILEZINHO SASSAMI NATTO CONG BD IKG NAT. FILEZINHO DE PEITO (SASSAMI) FRESCO CORTES,aves,360.0,00/00/00,Pendente de atualização de data
Screenshot_20260822_162826_Dext Mobile SM Novo Atacarejo.jpg,Coluna 2 piso\Coluna 2 aéreo,2,Aéreo,Esquerda,congelado:C2-N2-E:misto,20749,FILEZINHO FGO LQF CONG SEARA PCTL KG,aves,444.0,00/00/00,Pendente de atualização de data
Screenshot_20260825_082521_Dext Mobile SM Novo Atacarejo.jpg,Coluna 2 piso,2,Piso,Direita,congelado:C2-N1-D:misto,25728,683 DETALHE PRODUTO LING SUINA CG AURORA CHURRA PCT700G,suino,48.0,00/00/00,Pendente de atualização de data
Screenshot_20260825_082553_Calculator.jpg,Coluna 2 piso,2,Piso,Esquerda,congelado:C2-N1-E:misto,19320,COSTELINHA SUI TEMP CONG SAUDALI KG,suino,12.0,00/00/00,Pendente de atualização de data
Screenshot_20260825_082816_Calculator.jpg,Coluna 2 piso,2,Piso,Direita,congelado:C2-N1-D:misto,49275,PICANHA SUINA CG TEMP SUINCO PCT KG,suino,34.0,00/00/00,Pendente de atualização de data
Screenshot_20260825_082937_Calculator.jpg,Coluna 2 piso,2,Piso,Esquerda,congelado:C2-N1-E:misto,98986,FILE PEITO FGO CANCAO BDJ 1 KG,aves,1.0,00/00/00,Pendente de atualização de data
Screenshot_20260825_083008_Calculator.jpg,Coluna 2 piso,2,Piso,Direita,congelado:C2-N1-D:misto,34235,SOBCOX DESOS FGO CG NATTO 600G CHIMICHURRI 87 683,aves,112.0,00/00/00,Pendente de atualização de data
Screenshot_20260825_083219_Dext Mobile SM Novo Atacarejo.jpg,Coluna 2 piso,2,Piso,Esquerda,congelado:C2-N1-E:misto,52628,COXA C SOB FGO FORMOSO CONG KG G,aves,93.0,00/00/00,Pendente de atualização de data
Screenshot_20260825_083306_Calculator.jpg,Coluna 2 piso,2,Piso,Direita,congelado:C2-N1-D:misto,20749,FILEZINHO FGO LQF CONG SEARA PCTL KG,aves,12.0,00/00/00,Pendente de atualização de data
Screenshot_20260825_090557_Calculator.jpg,Coluna 2 piso,2,Piso,Esquerda,congelado:C2-N1-E:misto,20266,COXA C SOB FGO CG IND MAURICEA KG,aves,18.0,00/00/00,Pendente de atualização de data
Screenshot_20260825_090636_Dext Mobile SM Novo Atacarejo.jpg,Coluna 2 piso,2,Piso,Direita,congelado:C2-N1-D:misto,36993,LOMBO SUI FAT CG SADIA 800G,suino,24.0,00/00/00,Pendente de atualização de data
Screenshot_20260825_090756_Calculator.jpg,Coluna 2 piso,2,Piso,Esquerda,congelado:C2-N1-E:misto,37458,BARRIGA SUINA CG TEMP SAUDALI KG,suino,12.0,00/00/00,Pendente de atualização de data
Screenshot_20260825_090834_Dext Mobile SM Novo Atacarejo.jpg,Coluna 2 piso,2,Piso,Direita,congelado:C2-N1-D:misto,20743,COXA FGO CG SEARA BDL KG,aves,12.0,00/00/00,Pendente de atualização de data
Screenshot_20260825_091005_Calculator.jpg,Coluna 2 piso,2,Piso,Esquerda,congelado:C2-N1-E:misto,52627,PEITO DE FRANGO FORMOSO CONG IND KG,aves,34.0,00/00/00,Pendente de atualização de data
Screenshot_20260825_091058_Calculator.jpg,Coluna 2 piso,2,Piso,Direita,congelado:C2-N1-D:misto,23645,COXA SOB FGO CONG AURORA FW PACK KG,aves,15.0,00/00/00,Pendente de atualização de data
Screenshot_20260825_091206_Dext Mobile SM Novo Atacarejo.jpg,Coluna 2 piso,2,Piso,Esquerda,congelado:C2-N1-E:misto,20250,FILE PEITO FGO CG MAURICEA BDL KG 82 683 0 H4ARC.ÉA PEITO ARTES CONGELADOS DE FRANGO,aves,341.0,00/00/00,Pendente de atualização de data
Screenshot_20260825_091548_Dext Mobile SM Novo Atacarejo.jpg,Coluna 2 piso,2,Piso,Direita,congelado:C2-N1-D:misto,22712,CARCACA FGO CG NATTO KG,aves,24.0,00/00/00,Pendente de atualização de data
Screenshot_20260825_091823_Calculator.jpg,Coluna 2 piso,2,Piso,Esquerda,congelado:C2-N1-E:misto,97635,ASA FRANGO CONG GUIBON KG,aves,36.0,00/00/00,Pendente de atualização de data
Screenshot_20260825_092116_Dext Mobile SM Novo Atacarejo.jpg,Coluna 2 piso,2,Piso,Direita,congelado:C2-N1-D:misto,53547,FRANGO CONG CAIPIRA NHO BENTO KG,aves,683.0,00/00/00,Pendente de atualização de data
Screenshot_20260825_092212_Dext Mobile SM Novo Atacarejo.jpg,Coluna 2 piso,2,Piso,Esquerda,congelado:C2-N1-E:misto,20745,CARCACA FGO CG SEARA KG,aves,36.0,00/00/00,Pendente de atualização de data
Screenshot_20260825_092344_Dext Mobile SM Novo Atacarejo.jpg,Coluna 2 piso,2,Piso,Direita,congelado:C2-N1-D:misto,52600,FRANGO INTEIRO CONG FORMOSO KG,aves,64.0,00/00/00,Pendente de atualização de data
Screenshot_20260825_092544_Calculator.jpg,Coluna 2 piso,2,Piso,Esquerda,congelado:C2-N1-E:misto,21262,COXA FGO CG IND MAURICEA PCT KG,aves,16.0,00/00/00,Pendente de atualização de data
Screenshot_20260825_092732_Calculator.jpg,Coluna 2 piso,2,Piso,Direita,congelado:C2-N1-D:misto,37459,COST GRILL SUINA CG TEMP SAUDALI KG,suino,24.0,00/00/00,Pendente de atualização de data
Screenshot_20260825_092746_Calculator.jpg,Coluna 2 piso,2,Piso,Esquerda,congelado:C2-N1-E:misto,19310,COSTELINHA GRILL SAUDALI KG,suino,12.0,00/00/00,Pendente de atualização de data
Screenshot_20260825_094039_Calculator.jpg,Coluna 2 piso,2,Piso,Direita,congelado:C2-N1-D:misto,36993,LOMBO SUI FAT CG SADIA 800G,suino,50.0,00/00/00,Pendente de atualização de data
Screenshot_20260825_094101_Calculator.jpg,Coluna 2 piso,2,Piso,Esquerda,congelado:C2-N1-E:misto,37459,COST GRILL SUINA CG TEMP SAUDALI KG,suino,24.0,00/00/00,Pendente de atualização de data
Screenshot_20260825_094157_Calculator.jpg,Coluna 2 piso,2,Piso,Direita,congelado:C2-N1-D:misto,19310,COSTELINHA GRILL SAUDALI KG,suino,12.0,00/00/00,Pendente de atualização de data
Screenshot_20260825_094311_Dext Mobile SM Novo Atacarejo.jpg,Coluna 2 piso,2,Piso,Esquerda,congelado:C2-N1-E:misto,49277,79 683,aves,1.0,00/00/00,Pendente de atualização de data
Screenshot_20260825_094351_Calculator.jpg,Coluna 2 piso,2,Piso,Direita,congelado:C2-N1-D:misto,49262,LING PERNIL CG SUINCO C PIMEN 600G,suino,20.0,00/00/00,Pendente de atualização de data
Screenshot_20260825_094458_Calculator.jpg,Coluna 2 piso,2,Piso,Esquerda,congelado:C2-N1-E:misto,49276,79 683,aves,976.0,00/00/00,Pendente de atualização de data
Screenshot_20260825_094534_Dext Mobile SM Novo Atacarejo.jpg,Coluna 2 piso,2,Piso,Direita,congelado:C2-N1-D:misto,49268,ALCATRA SUINA CG TEMP SUINCO PCT KG,suino,15.0,00/00/00,Pendente de atualização de data
Screenshot_20260825_094641_Calculator.jpg,Coluna 2 piso,2,Piso,Esquerda,congelado:C2-N1-E:misto,20747,FILE PEITO FGO CG SEARA BDL KG,aves,24.0,00/00/00,Pendente de atualização de data
Screenshot_20260825_094731_Calculator.jpg,Coluna 2 piso,2,Piso,Direita,congelado:C2-N1-D:misto,20747,FILE PEITO FGO CG SEARA BDL KG,aves,24.0,00/00/00,Pendente de atualização de data
Screenshot_20260825_094742_Dext Mobile SM Novo Atacarejo.jpg,Coluna 2 piso,2,Piso,Esquerda,congelado:C2-N1-E:misto,20090,COXA FGO CG MAURICEA BDL KG CO RTES Ú»NGELAD0S DE FRANGO ÃKG,aves,0.0,00/00/00,Pendente de atualização de data
20260822_160557.jpg,Coluna 3 aéreo,3,Aéreo,Direita,congelado:C3-N2-D:misto,19637,20260822_160557.JPG,aves,0.0,00/00/00,Pendente de atualização de data
20260822_160624.jpg,Coluna 3 aéreo,3,Aéreo,Esquerda,congelado:C3-N2-E:misto,PEND-331,20260822_160624.JPG,aves,0.0,00/00/00,Pendente de atualização de data
20260822_160950.jpg,Coluna 3 aéreo,3,Aéreo,Direita,congelado:C3-N2-D:misto,PEND-332,20260822_160950.JPG,aves,0.0,00/00/00,Pendente de atualização de data
Screenshot_20260822_160728_Dext Mobile SM Novo Atacarejo.jpg,Coluna 3 aéreo,3,Aéreo,Esquerda,congelado:C3-N2-E:misto,20743,COXA FGO CG SEARA BDL KG,aves,221.0,00/00/00,Pendente de atualização de data
Screenshot_20260822_160835_Dext Mobile SM Novo Atacarejo.jpg,Coluna 3 aéreo,3,Aéreo,Direita,congelado:C3-N2-D:misto,19628,FILE PEITO FGO CG PERDIGAO 800G JÁ SOLTINHA PERDIGÃO,aves,310.0,00/00/00,Pendente de atualização de data
Screenshot_20260822_160927_Calculator.jpg,Coluna 3 aéreo,3,Aéreo,Esquerda,congelado:C3-N2-E:misto,63298,COXA C SOB DORSAL CANCAO ENV KG,aves,225.0,00/00/00,Pendente de atualização de data
20260822_155739.jpg,Coluna 4\Coluna 4 aéreo,4,Aéreo,Direita,congelado:C4-N2-D:misto,PEND-336,20260822_155739.JPG,aves,72.0,00/00/00,Pendente de atualização de data
20260822_155748.jpg,Coluna 4\Coluna 4 aéreo,4,Aéreo,Esquerda,congelado:C4-N2-E:misto,PEND-337,20260822_155748.JPG,aves,720.0,00/00/00,Pendente de atualização de data
20260822_155754.jpg,Coluna 4\Coluna 4 aéreo,4,Aéreo,Direita,congelado:C4-N2-D:misto,PEND-338,20260822_155754.JPG,aves,0.0,00/00/00,Pendente de atualização de data
20260822_155800.jpg,Coluna 4\Coluna 4 aéreo,4,Aéreo,Esquerda,congelado:C4-N2-E:misto,PEND-339,FGO CG,aves,0.0,00/00/00,Pendente de atualização de data
Screenshot_20260822_160051_Calculator.jpg,Coluna 4\Coluna 4 aéreo,4,Aéreo,Direita,congelado:C4-N2-D:misto,22703,PEITO FGO CG NATTO BDL KG NATTO PEITO CORTES CONGELADOS DE FRANGO,aves,240.0,00/00/00,Pendente de atualização de data
Screenshot_20260825_101045_Dext Mobile SM Novo Atacarejo.jpg,Coluna 4\Coluna 4 aéreo,4,Aéreo,Esquerda,congelado:C4-N2-E:misto,11736,PERTENC FGO CANJA CG MAURICEA KG,aves,384.0,00/00/00,Pendente de atualização de data
Screenshot_20260824_171733_Calculator.jpg,Coluna 4,4,Piso,Direita,congelado:C4-N1-D:misto,22862,PEITO FGO CONG NATTO IND KG,aves,90.0,00/00/00,Pendente de atualização de data
Screenshot_20260824_171850_Calculator.jpg,Coluna 4,4,Piso,Esquerda,congelado:C4-N1-E:misto,19629,FILEZINHO FGO CONG PERDIGAO PCT800G,aves,180.0,00/00/00,Pendente de atualização de data
Screenshot_20260824_171925_Calculator.jpg,Coluna 4,4,Piso,Direita,congelado:C4-N1-D:misto,20723,FILE PEITO FGO C ASSA F SEARA 800G SEARA ASSA ÁCI( DE PEITO,aves,20.0,00/00/00,Pendente de atualização de data
Screenshot_20260824_172003_Dext Mobile SM Novo Atacarejo.jpg,Coluna 4,4,Piso,Esquerda,congelado:C4-N1-E:misto,20727,FGO INT CONG ASSA F SEARA KG,aves,0.0,00/00/00,Pendente de atualização de data
Screenshot_20260824_172023_Calculator.jpg,Coluna 4,4,Piso,Direita,congelado:C4-N1-D:misto,71904,COXA C SOB CONG GUIBON KG,aves,72.0,00/00/00,Pendente de atualização de data
Screenshot_20260824_172118_Dext Mobile SM Novo Atacarejo.jpg,Coluna 4,4,Piso,Esquerda,congelado:C4-N1-E:misto,63298,COXA C SOB DORSAL CANCAO ENV KG,aves,54.0,00/00/00,Pendente de atualização de data
Screenshot_20260824_172142_Calculator.jpg,Coluna 4,4,Piso,Direita,congelado:C4-N1-D:misto,47058,COXA FGO CG SEARA TEMP LQF 1 KG,aves,1.0,00/00/00,Pendente de atualização de data
Screenshot_20260824_172835_Calculator.jpg,Coluna 4,4,Piso,Esquerda,congelado:C4-N1-E:misto,31841,FILEZINHO SASSAMI NATTO CONG BD IKG NAT. FILEZINHO DE PEITO (SASSAMI) FRESCO CORTES,aves,0.0,00/00/00,Pendente de atualização de data
Screenshot_20260824_172855_Calculator.jpg,Coluna 4,4,Piso,Direita,congelado:C4-N1-D:misto,22706,COXA FGO CG NATTO BDL KG,aves,144.0,00/00/00,Pendente de atualização de data
Screenshot_20260824_173032_Calculator.jpg,Coluna 4,4,Piso,Esquerda,congelado:C4-N1-E:misto,11736,18X1D PERTENC FGO CANJA CG MAURICEA KG,aves,288.0,00/00/00,Pendente de atualização de data
Screenshot_20260824_173235_Calculator.jpg,Coluna 4,4,Piso,Direita,congelado:C4-N1-D:misto,22862,PEITO FGO CONG NATTO IND KG,aves,72.0,00/00/00,Pendente de atualização de data
Screenshot_20260824_173324_Calculator.jpg,Coluna 4,4,Piso,Esquerda,congelado:C4-N1-E:misto,22709,FIGADO FGO CG NATTO BDL KG,aves,36.0,00/00/00,Pendente de atualização de data
Screenshot_20260824_173619_Dext Mobile SM Novo Atacarejo.jpg,Coluna 4,4,Piso,Direita,congelado:C4-N1-D:misto,37016,PEITO FGO TEMP DESF CG SADIA 400G SDIA,aves,36.0,00/00/00,Pendente de atualização de data
20260822_154410.jpg,Coluna 5 aéreo,5,Aéreo,Esquerda,congelado:C5-N2-E:misto,20747,20260822_154410.JPG,aves,0.0,00/00/00,Pendente de atualização de data
20260822_154430.jpg,Coluna 5 aéreo,5,Aéreo,Direita,congelado:C5-N2-D:misto,PEND-356,20260822_154430.JPG,aves,0.0,00/00/00,Pendente de atualização de data
20260822_154438.jpg,Coluna 5 aéreo,5,Aéreo,Esquerda,congelado:C5-N2-E:misto,PEND-357,20260822_154438.JPG,aves,0.0,00/00/00,Pendente de atualização de data
Screenshot_20260822_154559_Calculator.jpg,Coluna 5 aéreo,5,Aéreo,Direita,congelado:C5-N2-D:misto,31841,FILEZINHO SASSAMI NATTO CONG BD IKG NAT. FILEZINHO DE PEITO (SASSAMI) FRESCO CORTES,aves,420.0,00/00/00,Pendente de atualização de data
Screenshot_20260822_154755_Dext Mobile SM Novo Atacarejo.jpg,Coluna 5 aéreo,5,Aéreo,Esquerda,congelado:C5-N2-E:misto,52628,COXA C SOB FGO FORMOSO CONG KG G,aves,495.0,00/00/00,Pendente de atualização de data
Screenshot_20260822_154858_Dext Mobile SM Novo Atacarejo.jpg,Coluna 5 aéreo,5,Aéreo,Direita,congelado:C5-N2-D:misto,63298,COXA C SOB DORSAL CANCAO ENV KG,aves,225.0,00/00/00,Pendente de atualização de data
20260822_121247.jpg,Coluna 5 piso\Coluna 6 aéreo,6,Aéreo,Esquerda,congelado:C6-N2-E:misto,PEND-361,20260822_121247.JPG,aves,27.0,00/00/00,Pendente de atualização de data
20260822_121730.jpg,Coluna 5 piso\Coluna 6 aéreo,6,Aéreo,Direita,congelado:C6-N2-D:misto,PEND-362,20260822_121730.JPG,aves,0.0,00/00/00,Pendente de atualização de data
20260822_121736.jpg,Coluna 5 piso\Coluna 6 aéreo,6,Aéreo,Esquerda,congelado:C6-N2-E:misto,PEND-363,20260822_121736.JPG,aves,0.0,00/00/00,Pendente de atualização de data
20260822_121739.jpg,Coluna 5 piso\Coluna 6 aéreo,6,Aéreo,Direita,congelado:C6-N2-D:misto,PEND-364,20260822_121739.JPG,aves,0.0,00/00/00,Pendente de atualização de data
20260822_123427.jpg,Coluna 5 piso\Coluna 6 aéreo,6,Aéreo,Esquerda,congelado:C6-N2-E:misto,PEND-365,20260822_123427.JPG,aves,0.0,00/00/00,Pendente de atualização de data
Screenshot_20260822_122110_Calculator.jpg,Coluna 5 piso\Coluna 6 aéreo,6,Aéreo,Direita,congelado:C6-N2-D:misto,53547,FRANGO CONG CAIPIRA NHO BENTO KG,aves,432.0,00/00/00,Pendente de atualização de data
Screenshot_20260824_164413_Calculator.jpg,Coluna 5 piso,5,Piso,Esquerda,congelado:C5-N1-E:misto,52627,PEITO DE FRANGO FORMOSO CONG IND KG,aves,682.0,00/00/00,Pendente de atualização de data
Screenshot_20260824_164622_Calculator.jpg,Coluna 5 piso,5,Piso,Direita,congelado:C5-N1-D:misto,22712,CARCACA FGO CG NATTO KG,aves,34.0,00/00/00,Pendente de atualização de data
Screenshot_20260824_164716_Dext Mobile SM Novo Atacarejo.jpg,Coluna 5 piso,5,Piso,Esquerda,congelado:C5-N1-E:misto,99747,LING SUINA SEARA CG 600G CHIMICHURRI,suino,34.0,00/00/00,Pendente de atualização de data
Screenshot_20260824_164745_Dext Mobile SM Novo Atacarejo.jpg,Coluna 5 piso,5,Piso,Direita,congelado:C5-N1-D:misto,97641,CORACAO FRANGO CONG GUIBON SC 1 KG,aves,1.0,00/00/00,Pendente de atualização de data
Screenshot_20260824_165558_Dext Mobile SM Novo Atacarejo.jpg,Coluna 5 piso,5,Piso,Esquerda,congelado:C5-N1-E:misto,19654,COXA FGO CG ASSA F SADIA 800G,aves,48.0,00/00/00,Pendente de atualização de data
Screenshot_20260824_165647_Calculator.jpg,Coluna 5 piso,5,Piso,Direita,congelado:C5-N1-D:misto,19655,SOBCOX FGO CG ASSA F SADIA 800G FÁCIL SADIA,aves,32.0,00/00/00,Pendente de atualização de data
Screenshot_20260824_170128_Calculator.jpg,Coluna 5 piso,5,Piso,Esquerda,congelado:C5-N1-E:misto,19637,FILEZINHO FGO CG PERDIGAO BDL KG,aves,156.0,00/00/00,Pendente de atualização de data
Screenshot_20260824_170200_Calculator.jpg,Coluna 5 piso,5,Piso,Direita,congelado:C5-N1-D:misto,37000,FILE PEITO FGO CG CORTE SADIA BDL KG,aves,132.0,00/00/00,Pendente de atualização de data
Screenshot_20260824_170236_Dext Mobile SM Novo Atacarejo.jpg,Coluna 5 piso,5,Piso,Esquerda,congelado:C5-N1-E:misto,52601,FILE DE PEITO CONG FGO FORMOSO 1 KG,aves,1.0,00/00/00,Pendente de atualização de data
Screenshot_20260824_170617_Dext Mobile SM Novo Atacarejo.jpg,Coluna 5 piso,5,Piso,Direita,congelado:C5-N1-D:misto,22862,PEITO FGO CONG NATTO IND KG,aves,162.0,00/00/00,Pendente de atualização de data
Screenshot_20260824_160028_Calculator.jpg,Coluna 6 piso,6,Piso,Esquerda,congelado:C6-N1-E:misto,28028,FILE PEITO FGO CG GUIBON KG,aves,15.0,00/00/00,Pendente de atualização de data
Screenshot_20260824_160148_Calculator.jpg,Coluna 6 piso,6,Piso,Direita,congelado:C6-N1-D:misto,97630,FILEZINHO FGO SASSAMI CG GUIBON 1 KG,aves,1.0,00/00/00,Pendente de atualização de data
Screenshot_20260824_160514_Calculator.jpg,Coluna 6 piso,6,Piso,Esquerda,congelado:C6-N1-E:misto,7894904602919,PERNIL SUI CONG SUCULENT SEARA KG TEMP,aves,919.0,00/00/00,Pendente de atualização de data
Screenshot_20260824_161156_Calculator.jpg,Coluna 6 piso,6,Piso,Direita,congelado:C6-N1-D:misto,76485,PANCETA SUIN CONG PORC SEARA KG,suino,72.0,00/00/00,Pendente de atualização de data
Screenshot_20260824_161300_Calculator.jpg,Coluna 6 piso,6,Piso,Esquerda,congelado:C6-N1-E:misto,76486,FILE MIGNON CONG PORC SEARA KG,aves,19.0,00/00/00,Pendente de atualização de data
Screenshot_20260824_161356_Calculator.jpg,Coluna 6 piso,6,Piso,Direita,congelado:C6-N1-D:misto,19632,FILE PEITO FGO CG SADIA BDL KG,aves,252.0,00/00/00,Pendente de atualização de data
Screenshot_20260824_162445_Calculator.jpg,Coluna 6 piso,6,Piso,Esquerda,congelado:C6-N1-E:misto,11877,COXA FGO CG MAURICEA LQF PCT 1 KG CONAS,aves,1.0,00/00/00,Pendente de atualização de data
Screenshot_20260824_162519_Calculator.jpg,Coluna 6 piso,6,Piso,Direita,congelado:C6-N1-D:misto,20749,FILEZINHO FGO LQF CONG SEARA PCTL KG,aves,736.0,00/00/00,Pendente de atualização de data
Screenshot_20260824_162639_Dext Mobile SM Novo Atacarejo.jpg,Coluna 6 piso,6,Piso,Esquerda,congelado:C6-N1-E:misto,47069,FILE PEIT CG SEARA DAGRANJA BD 600G SEARA DE PEITO,aves,75.0,00/00/00,Pendente de atualização de data
Screenshot_20260824_162931_Calculator.jpg,Coluna 6 piso,6,Piso,Direita,congelado:C6-N1-D:misto,20743,COXA FGO CG SEARA BDL KG,aves,72.0,00/00/00,Pendente de atualização de data
Screenshot_20260824_162951_Calculator.jpg,Coluna 6 piso,6,Piso,Esquerda,congelado:C6-N1-E:misto,20754,COXA LQF SEARA 1 KG,aves,1.0,00/00/00,Pendente de atualização de data
Screenshot_20260824_163132_Calculator.jpg,Coluna 6 piso,6,Piso,Direita,congelado:C6-N1-D:misto,19633,FILEZINHO FGO CONG SADIA BDL KG 6X12,aves,72.0,00/00/00,Pendente de atualização de data
20260822_121005.jpg,Coluna 7 aéreo,7,Aéreo,Esquerda,congelado:C7-N2-E:misto,PEND-389,¯ PETTO FGO CÓD\G0 DO,aves,0.0,00/00/00,Pendente de atualização de data
20260822_121012.jpg,Coluna 7 aéreo,7,Aéreo,Direita,congelado:C7-N2-D:misto,20807,20260822_121012.JPG,aves,151.0,00/00/00,Pendente de atualização de data
20260822_121051.jpg,Coluna 7 aéreo,7,Aéreo,Esquerda,congelado:C7-N2-E:misto,PEND-391,20260822_121051.JPG,aves,0.0,00/00/00,Pendente de atualização de data
Screenshot_20260822_164402_Dext Mobile SM Novo Atacarejo.jpg,Coluna 7 aéreo\Coluna 1 piso\Coluna 1 aéreo,1,Aéreo,Direita,congelado:C1-N2-D:misto,31841,FILEZINHO SASSAMI NATTO CONG BD IKG NAT. FILEZINHO DE PEITO (SASSAMI) FRESCO CORTES,aves,149.0,00/00/00,Pendente de atualização de data
Screenshot_20260825_103529_Calculator.jpg,Coluna 7 aéreo\Coluna 1 piso\Coluna 1 aéreo,1,Aéreo,Esquerda,congelado:C1-N2-E:misto,20754,COXA LQF SEARA 1 KG,aves,1.0,00/00/00,Pendente de atualização de data
Screenshot_20260825_103604_Calculator.jpg,Coluna 7 aéreo\Coluna 1 piso\Coluna 1 aéreo,1,Aéreo,Direita,congelado:C1-N2-D:misto,20749,FILEZINHO FGO LQF CONG SEARA PCTL KG,aves,736.0,00/00/00,Pendente de atualização de data
Screenshot_20260825_103750_Dext Mobile SM Novo Atacarejo.jpg,Coluna 7 aéreo\Coluna 1 piso\Coluna 1 aéreo,1,Aéreo,Esquerda,congelado:C1-N2-E:misto,23645,COXA SOB FGO CONG AURORA FW PACK KG,aves,664.0,00/00/00,Pendente de atualização de data
Screenshot_20260825_102816_Calculator.jpg,Coluna 7 aéreo\Coluna 1 piso,1,Aéreo,Direita,congelado:C1-N2-D:misto,19874,FGO INT CONG MAURICEA KG,aves,740.0,00/00/00,Pendente de atualização de data
Screenshot_20260825_102841_Calculator.jpg,Coluna 7 aéreo\Coluna 1 piso,1,Aéreo,Esquerda,congelado:C1-N2-E:misto,20249,PEITO FGO CONG MAURICEA BDL KG ARTES CONGELADOS DE FRANGO ÃKG,aves,24.0,00/00/00,Pendente de atualização de data
Screenshot_20260825_102914_Calculator.jpg,Coluna 7 aéreo\Coluna 1 piso,1,Aéreo,Direita,congelado:C1-N2-D:misto,20264,PEITO FGO CONG MAURICEA IND KG,aves,540.0,00/00/00,Pendente de atualização de data
20260822_160557.jpg,Coluna 7 aéreo\Coluna 3 aéreo,3,Aéreo,Esquerda,congelado:C3-N2-E:misto,19637,20260822_160557.JPG,aves,0.0,00/00/00,Pendente de atualização de data
20260822_160624.jpg,Coluna 7 aéreo\Coluna 3 aéreo,3,Aéreo,Direita,congelado:C3-N2-D:misto,PEND-400,20260822_160624.JPG,aves,0.0,00/00/00,Pendente de atualização de data
20260822_160950.jpg,Coluna 7 aéreo\Coluna 3 aéreo,3,Aéreo,Esquerda,congelado:C3-N2-E:misto,PEND-401,20260822_160950.JPG,aves,0.0,00/00/00,Pendente de atualização de data
Screenshot_20260822_160728_Dext Mobile SM Novo Atacarejo.jpg,Coluna 7 aéreo\Coluna 3 aéreo,3,Aéreo,Direita,congelado:C3-N2-D:misto,20743,COXA FGO CG SEARA BDL KG,aves,221.0,00/00/00,Pendente de atualização de data
Screenshot_20260822_160835_Dext Mobile SM Novo Atacarejo.jpg,Coluna 7 aéreo\Coluna 3 aéreo,3,Aéreo,Esquerda,congelado:C3-N2-E:misto,19628,FILE PEITO FGO CG PERDIGAO 800G JÁ SOLTINHA PERDIGÃO,aves,310.0,00/00/00,Pendente de atualização de data
Screenshot_20260822_160927_Calculator.jpg,Coluna 7 aéreo\Coluna 3 aéreo,3,Aéreo,Direita,congelado:C3-N2-D:misto,63298,COXA C SOB DORSAL CANCAO ENV KG,aves,225.0,00/00/00,Pendente de atualização de data
20260822_155739.jpg,Coluna 7 aéreo\Coluna 4\Coluna 4 aéreo,4,Aéreo,Esquerda,congelado:C4-N2-E:misto,PEND-405,20260822_155739.JPG,aves,72.0,00/00/00,Pendente de atualização de data
20260822_155748.jpg,Coluna 7 aéreo\Coluna 4\Coluna 4 aéreo,4,Aéreo,Direita,congelado:C4-N2-D:misto,PEND-406,20260822_155748.JPG,aves,720.0,00/00/00,Pendente de atualização de data
20260822_155754.jpg,Coluna 7 aéreo\Coluna 4\Coluna 4 aéreo,4,Aéreo,Esquerda,congelado:C4-N2-E:misto,PEND-407,20260822_155754.JPG,aves,0.0,00/00/00,Pendente de atualização de data
20260822_155800.jpg,Coluna 7 aéreo\Coluna 4\Coluna 4 aéreo,4,Aéreo,Direita,congelado:C4-N2-D:misto,PEND-408,FGO CG,aves,0.0,00/00/00,Pendente de atualização de data
Screenshot_20260822_160051_Calculator.jpg,Coluna 7 aéreo\Coluna 4\Coluna 4 aéreo,4,Aéreo,Esquerda,congelado:C4-N2-E:misto,22703,PEITO FGO CG NATTO BDL KG NATTO PEITO CORTES CONGELADOS DE FRANGO,aves,240.0,00/00/00,Pendente de atualização de data
Screenshot_20260825_101045_Dext Mobile SM Novo Atacarejo.jpg,Coluna 7 aéreo\Coluna 4\Coluna 4 aéreo,4,Aéreo,Direita,congelado:C4-N2-D:misto,11736,PERTENC FGO CANJA CG MAURICEA KG,aves,384.0,00/00/00,Pendente de atualização de data
Screenshot_20260824_171733_Calculator.jpg,Coluna 7 aéreo\Coluna 4,4,Aéreo,Esquerda,congelado:C4-N2-E:misto,22862,PEITO FGO CONG NATTO IND KG,aves,90.0,00/00/00,Pendente de atualização de data
Screenshot_20260824_171850_Calculator.jpg,Coluna 7 aéreo\Coluna 4,4,Aéreo,Direita,congelado:C4-N2-D:misto,19629,FILEZINHO FGO CONG PERDIGAO PCT800G,aves,180.0,00/00/00,Pendente de atualização de data
Screenshot_20260824_171925_Calculator.jpg,Coluna 7 aéreo\Coluna 4,4,Aéreo,Esquerda,congelado:C4-N2-E:misto,20723,FILE PEITO FGO C ASSA F SEARA 800G SEARA ASSA ÁCI( DE PEITO,aves,20.0,00/00/00,Pendente de atualização de data
Screenshot_20260824_172003_Dext Mobile SM Novo Atacarejo.jpg,Coluna 7 aéreo\Coluna 4,4,Aéreo,Direita,congelado:C4-N2-D:misto,20727,FGO INT CONG ASSA F SEARA KG,aves,0.0,00/00/00,Pendente de atualização de data
Screenshot_20260824_172023_Calculator.jpg,Coluna 7 aéreo\Coluna 4,4,Aéreo,Esquerda,congelado:C4-N2-E:misto,71904,COXA C SOB CONG GUIBON KG,aves,72.0,00/00/00,Pendente de atualização de data
Screenshot_20260824_172118_Dext Mobile SM Novo Atacarejo.jpg,Coluna 7 aéreo\Coluna 4,4,Aéreo,Direita,congelado:C4-N2-D:misto,63298,COXA C SOB DORSAL CANCAO ENV KG,aves,54.0,00/00/00,Pendente de atualização de data
Screenshot_20260824_172142_Calculator.jpg,Coluna 7 aéreo\Coluna 4,4,Aéreo,Esquerda,congelado:C4-N2-E:misto,47058,COXA FGO CG SEARA TEMP LQF 1 KG,aves,1.0,00/00/00,Pendente de atualização de data
Screenshot_20260824_172835_Calculator.jpg,Coluna 7 aéreo\Coluna 4,4,Aéreo,Direita,congelado:C4-N2-D:misto,31841,FILEZINHO SASSAMI NATTO CONG BD IKG NAT. FILEZINHO DE PEITO (SASSAMI) FRESCO CORTES,aves,0.0,00/00/00,Pendente de atualização de data
Screenshot_20260824_172855_Calculator.jpg,Coluna 7 aéreo\Coluna 4,4,Aéreo,Esquerda,congelado:C4-N2-E:misto,22706,COXA FGO CG NATTO BDL KG,aves,144.0,00/00/00,Pendente de atualização de data
Screenshot_20260824_173032_Calculator.jpg,Coluna 7 aéreo\Coluna 4,4,Aéreo,Direita,congelado:C4-N2-D:misto,11736,18X1D PERTENC FGO CANJA CG MAURICEA KG,aves,288.0,00/00/00,Pendente de atualização de data
Screenshot_20260824_173235_Calculator.jpg,Coluna 7 aéreo\Coluna 4,4,Aéreo,Esquerda,congelado:C4-N2-E:misto,22862,PEITO FGO CONG NATTO IND KG,aves,72.0,00/00/00,Pendente de atualização de data
Screenshot_20260824_173324_Calculator.jpg,Coluna 7 aéreo\Coluna 4,4,Aéreo,Direita,congelado:C4-N2-D:misto,22709,FIGADO FGO CG NATTO BDL KG,aves,36.0,00/00/00,Pendente de atualização de data
Screenshot_20260824_173619_Dext Mobile SM Novo Atacarejo.jpg,Coluna 7 aéreo\Coluna 4,4,Aéreo,Esquerda,congelado:C4-N2-E:misto,37016,PEITO FGO TEMP DESF CG SADIA 400G SDIA,aves,36.0,00/00/00,Pendente de atualização de data
20260822_154410.jpg,Coluna 7 aéreo\Coluna 5 aéreo,5,Aéreo,Direita,congelado:C5-N2-D:misto,20747,20260822_154410.JPG,aves,0.0,00/00/00,Pendente de atualização de data
20260822_154430.jpg,Coluna 7 aéreo\Coluna 5 aéreo,5,Aéreo,Esquerda,congelado:C5-N2-E:misto,PEND-425,20260822_154430.JPG,aves,0.0,00/00/00,Pendente de atualização de data
20260822_154438.jpg,Coluna 7 aéreo\Coluna 5 aéreo,5,Aéreo,Direita,congelado:C5-N2-D:misto,PEND-426,20260822_154438.JPG,aves,0.0,00/00/00,Pendente de atualização de data
Screenshot_20260822_154559_Calculator.jpg,Coluna 7 aéreo\Coluna 5 aéreo,5,Aéreo,Esquerda,congelado:C5-N2-E:misto,31841,FILEZINHO SASSAMI NATTO CONG BD IKG NAT. FILEZINHO DE PEITO (SASSAMI) FRESCO CORTES,aves,420.0,00/00/00,Pendente de atualização de data
Screenshot_20260822_154755_Dext Mobile SM Novo Atacarejo.jpg,Coluna 7 aéreo\Coluna 5 aéreo,5,Aéreo,Direita,congelado:C5-N2-D:misto,52628,COXA C SOB FGO FORMOSO CONG KG G,aves,495.0,00/00/00,Pendente de atualização de data
Screenshot_20260822_154858_Dext Mobile SM Novo Atacarejo.jpg,Coluna 7 aéreo\Coluna 5 aéreo,5,Aéreo,Esquerda,congelado:C5-N2-E:misto,63298,COXA C SOB DORSAL CANCAO ENV KG,aves,225.0,00/00/00,Pendente de atualização de data
20260822_121247.jpg,Coluna 7 aéreo\Coluna 5 piso\Coluna 6 aéreo,6,Aéreo,Direita,congelado:C6-N2-D:misto,PEND-430,20260822_121247.JPG,aves,27.0,00/00/00,Pendente de atualização de data
20260822_121730.jpg,Coluna 7 aéreo\Coluna 5 piso\Coluna 6 aéreo,6,Aéreo,Esquerda,congelado:C6-N2-E:misto,PEND-431,20260822_121730.JPG,aves,0.0,00/00/00,Pendente de atualização de data
20260822_121736.jpg,Coluna 7 aéreo\Coluna 5 piso\Coluna 6 aéreo,6,Aéreo,Direita,congelado:C6-N2-D:misto,PEND-432,20260822_121736.JPG,aves,0.0,00/00/00,Pendente de atualização de data
20260822_121739.jpg,Coluna 7 aéreo\Coluna 5 piso\Coluna 6 aéreo,6,Aéreo,Esquerda,congelado:C6-N2-E:misto,PEND-433,20260822_121739.JPG,aves,0.0,00/00/00,Pendente de atualização de data
20260822_123427.jpg,Coluna 7 aéreo\Coluna 5 piso\Coluna 6 aéreo,6,Aéreo,Direita,congelado:C6-N2-D:misto,PEND-434,20260822_123427.JPG,aves,0.0,00/00/00,Pendente de atualização de data
Screenshot_20260822_122110_Calculator.jpg,Coluna 7 aéreo\Coluna 5 piso\Coluna 6 aéreo,6,Aéreo,Esquerda,congelado:C6-N2-E:misto,53547,FRANGO CONG CAIPIRA NHO BENTO KG,aves,432.0,00/00/00,Pendente de atualização de data
Screenshot_20260824_164413_Calculator.jpg,Coluna 7 aéreo\Coluna 5 piso,5,Aéreo,Direita,congelado:C5-N2-D:misto,52627,PEITO DE FRANGO FORMOSO CONG IND KG,aves,682.0,00/00/00,Pendente de atualização de data
Screenshot_20260824_164622_Calculator.jpg,Coluna 7 aéreo\Coluna 5 piso,5,Aéreo,Esquerda,congelado:C5-N2-E:misto,22712,CARCACA FGO CG NATTO KG,aves,34.0,00/00/00,Pendente de atualização de data
Screenshot_20260824_164716_Dext Mobile SM Novo Atacarejo.jpg,Coluna 7 aéreo\Coluna 5 piso,5,Aéreo,Direita,congelado:C5-N2-D:misto,99747,LING SUINA SEARA CG 600G CHIMICHURRI,suino,34.0,00/00/00,Pendente de atualização de data
Screenshot_20260824_164745_Dext Mobile SM Novo Atacarejo.jpg,Coluna 7 aéreo\Coluna 5 piso,5,Aéreo,Esquerda,congelado:C5-N2-E:misto,97641,CORACAO FRANGO CONG GUIBON SC 1 KG,aves,1.0,00/00/00,Pendente de atualização de data
Screenshot_20260824_165558_Dext Mobile SM Novo Atacarejo.jpg,Coluna 7 aéreo\Coluna 5 piso,5,Aéreo,Direita,congelado:C5-N2-D:misto,19654,COXA FGO CG ASSA F SADIA 800G,aves,48.0,00/00/00,Pendente de atualização de data
Screenshot_20260824_165647_Calculator.jpg,Coluna 7 aéreo\Coluna 5 piso,5,Aéreo,Esquerda,congelado:C5-N2-E:misto,19655,SOBCOX FGO CG ASSA F SADIA 800G FÁCIL SADIA,aves,32.0,00/00/00,Pendente de atualização de data
Screenshot_20260824_170128_Calculator.jpg,Coluna 7 aéreo\Coluna 5 piso,5,Aéreo,Direita,congelado:C5-N2-D:misto,19637,FILEZINHO FGO CG PERDIGAO BDL KG,aves,156.0,00/00/00,Pendente de atualização de data
Screenshot_20260824_170200_Calculator.jpg,Coluna 7 aéreo\Coluna 5 piso,5,Aéreo,Esquerda,congelado:C5-N2-E:misto,37000,FILE PEITO FGO CG CORTE SADIA BDL KG,aves,132.0,00/00/00,Pendente de atualização de data
Screenshot_20260824_170236_Dext Mobile SM Novo Atacarejo.jpg,Coluna 7 aéreo\Coluna 5 piso,5,Aéreo,Direita,congelado:C5-N2-D:misto,52601,FILE DE PEITO CONG FGO FORMOSO 1 KG,aves,1.0,00/00/00,Pendente de atualização de data
Screenshot_20260824_170617_Dext Mobile SM Novo Atacarejo.jpg,Coluna 7 aéreo\Coluna 5 piso,5,Aéreo,Esquerda,congelado:C5-N2-E:misto,22862,PEITO FGO CONG NATTO IND KG,aves,162.0,00/00/00,Pendente de atualização de data
Screenshot_20260824_160028_Calculator.jpg,Coluna 7 aéreo\Coluna 6 piso,6,Aéreo,Direita,congelado:C6-N2-D:misto,28028,FILE PEITO FGO CG GUIBON KG,aves,15.0,00/00/00,Pendente de atualização de data
Screenshot_20260824_160148_Calculator.jpg,Coluna 7 aéreo\Coluna 6 piso,6,Aéreo,Esquerda,congelado:C6-N2-E:misto,97630,FILEZINHO FGO SASSAMI CG GUIBON 1 KG,aves,1.0,00/00/00,Pendente de atualização de data
Screenshot_20260824_160514_Calculator.jpg,Coluna 7 aéreo\Coluna 6 piso,6,Aéreo,Direita,congelado:C6-N2-D:misto,7894904602919,PERNIL SUI CONG SUCULENT SEARA KG TEMP,aves,919.0,00/00/00,Pendente de atualização de data
Screenshot_20260824_161156_Calculator.jpg,Coluna 7 aéreo\Coluna 6 piso,6,Aéreo,Esquerda,congelado:C6-N2-E:misto,76485,PANCETA SUIN CONG PORC SEARA KG,suino,72.0,00/00/00,Pendente de atualização de data
Screenshot_20260824_161300_Calculator.jpg,Coluna 7 aéreo\Coluna 6 piso,6,Aéreo,Direita,congelado:C6-N2-D:misto,76486,FILE MIGNON CONG PORC SEARA KG,aves,19.0,00/00/00,Pendente de atualização de data
Screenshot_20260824_161356_Calculator.jpg,Coluna 7 aéreo\Coluna 6 piso,6,Aéreo,Esquerda,congelado:C6-N2-E:misto,19632,FILE PEITO FGO CG SADIA BDL KG,aves,252.0,00/00/00,Pendente de atualização de data
Screenshot_20260824_162445_Calculator.jpg,Coluna 7 aéreo\Coluna 6 piso,6,Aéreo,Direita,congelado:C6-N2-D:misto,11877,COXA FGO CG MAURICEA LQF PCT 1 KG CONAS,aves,1.0,00/00/00,Pendente de atualização de data
Screenshot_20260824_162519_Calculator.jpg,Coluna 7 aéreo\Coluna 6 piso,6,Aéreo,Esquerda,congelado:C6-N2-E:misto,20749,FILEZINHO FGO LQF CONG SEARA PCTL KG,aves,736.0,00/00/00,Pendente de atualização de data
Screenshot_20260824_162639_Dext Mobile SM Novo Atacarejo.jpg,Coluna 7 aéreo\Coluna 6 piso,6,Aéreo,Direita,congelado:C6-N2-D:misto,47069,FILE PEIT CG SEARA DAGRANJA BD 600G SEARA DE PEITO,aves,75.0,00/00/00,Pendente de atualização de data
Screenshot_20260824_162931_Calculator.jpg,Coluna 7 aéreo\Coluna 6 piso,6,Aéreo,Esquerda,congelado:C6-N2-E:misto,20743,COXA FGO CG SEARA BDL KG,aves,72.0,00/00/00,Pendente de atualização de data
Screenshot_20260824_162951_Calculator.jpg,Coluna 7 aéreo\Coluna 6 piso,6,Aéreo,Direita,congelado:C6-N2-D:misto,20754,COXA LQF SEARA 1 KG,aves,1.0,00/00/00,Pendente de atualização de data
Screenshot_20260824_163132_Calculator.jpg,Coluna 7 aéreo\Coluna 6 piso,6,Aéreo,Esquerda,congelado:C6-N2-E:misto,19633,FILEZINHO FGO CONG SADIA BDL KG 6X12,aves,72.0,00/00/00,Pendente de atualização de data
Screenshot_20260824_153548_Calculator.jpg,Coluna 7 aéreo\Coluna 7 piso,7,Aéreo,Direita,congelado:C7-N2-D:misto,52626,32X1D FILEZINHO SASSAM FRANGO FORMOSO 1 KG,aves,1.0,00/00/00,Pendente de atualização de data
Screenshot_20260824_153627_Calculator.jpg,Coluna 7 aéreo\Coluna 7 piso,7,Aéreo,Esquerda,congelado:C7-N2-E:misto,52624,12X1D COXA C SOBRECOXA FGO FORMOSO BJ 1 KG,aves,1.0,00/00/00,Pendente de atualização de data
Screenshot_20260824_153709_Calculator.jpg,Coluna 7 aéreo\Coluna 7 piso,7,Aéreo,Direita,congelado:C7-N2-D:misto,52601,FILE DE PEITO CONG FGO FORMOSO 1 KG,aves,1.0,00/00/00,Pendente de atualização de data
Screenshot_20260824_154700_Calculator.jpg,Coluna 7 aéreo\Coluna 7 piso,7,Aéreo,Esquerda,congelado:C7-N2-E:misto,52627,PEITO DE FRANGO FORMOSO CONG IND KG,aves,75.0,00/00/00,Pendente de atualização de data
Screenshot_20260824_154733_Dext Mobile SM Novo Atacarejo.jpg,Coluna 7 aéreo\Coluna 7 piso,7,Aéreo,Direita,congelado:C7-N2-D:misto,52629,ASA DE FGO FORMOSO CONG INDIVIDUAL,aves,135.0,00/00/00,Pendente de atualização de data
Screenshot_20260824_154907_Calculator.jpg,Coluna 7 aéreo\Coluna 7 piso,7,Aéreo,Esquerda,congelado:C7-N2-E:misto,9599,FILEZINHO FGO CONG AURORA BDL KG,aves,264.0,00/00/00,Pendente de atualização de data
Screenshot_20260824_155106_Calculator.jpg,Coluna 7 aéreo\Coluna 7 piso,7,Aéreo,Direita,congelado:C7-N2-D:misto,59046,FILEZINHO DE FRANGO NATTO EMP CROC 700G,aves,30.0,00/00/00,Pendente de atualização de data
Screenshot_20260824_155227_Calculator.jpg,Coluna 7 aéreo\Coluna 7 piso,7,Aéreo,Esquerda,congelado:C7-N2-E:misto,102291,FILEZINHO FGO GRE TEM CG NATTO 700G,aves,12.0,00/00/00,Pendente de atualização de data
Screenshot_20260822_121335_Calculator.jpg,Coluna 7 aéreo,7,Aéreo,Direita,congelado:C7-N2-D:misto,20748,FILEZINHO FGO CG SEARA BDL KG SEARA 'FT(EZTHHO,aves,228.0,00/00/00,Pendente de atualização de data
Screenshot_20260822_121442_Calculator.jpg,Coluna 7 aéreo,7,Aéreo,Esquerda,congelado:C7-N2-E:misto,22703,PEITO FGO CG NATTO BDL KG NATTO PEITO CORTES CONGELADOS DE FRANGO,aves,112.0,00/00/00,Pendente de atualização de data
20260822_112720.jpg,Coluna 8 aéreo,8,Aéreo,Direita,congelado:C8-N2-D:misto,1053,CARRE SUINO CG 1053-25 27/07127 GERADO EM 16/00/26 POR OLIVEIRA 1007,suino,1007.0,00/00/00,Pendente de atualização de data
20260822_112727.jpg,Coluna 8 aéreo,8,Aéreo,Esquerda,congelado:C8-N2-E:misto,20440,20260822_112727.JPG,aves,0.0,00/00/00,Pendente de atualização de data
Screenshot_20260824_123855_Dext Mobile SM Novo Atacarejo.jpg,Coluna 8 aéreo\Coluna 8 piso,8,Aéreo,Direita,congelado:C8-N2-D:misto,10030,LING TOSC FGO CG FGO NATTO 3KG 3 KG TTÔ LING%ZIDA DE FRANGO,suino,3.0,00/00/00,Pendente de atualização de data
Screenshot_20260824_123917_Dext Mobile SM Novo Atacarejo.jpg,Coluna 8 aéreo\Coluna 8 piso,8,Aéreo,Esquerda,congelado:C8-N2-E:misto,9358,LING FRANGO CG AURORA PCT5KG,aves,25.0,00/00/00,Pendente de atualização de data
Screenshot_20260824_123946_Calculator.jpg,Coluna 8 aéreo\Coluna 8 piso,8,Aéreo,Direita,congelado:C8-N2-D:misto,20756,COXIN ASA FGO LQF SEARA PCTL KG,aves,108.0,00/00/00,Pendente de atualização de data
Screenshot_20260824_133226_Calculator.jpg,Coluna 8 aéreo\Coluna 8 piso,8,Aéreo,Esquerda,congelado:C8-N2-E:misto,52601,FILE DE PEITO CONG FGO FORMOSO 1 KG,aves,1.0,00/00/00,Pendente de atualização de data
Screenshot_20260824_133330_Calculator.jpg,Coluna 8 aéreo\Coluna 8 piso,8,Aéreo,Direita,congelado:C8-N2-D:misto,52622,PEITO DE FGO FGO FORMOSO BJ IKG,aves,96.0,00/00/00,Pendente de atualização de data
Screenshot_20260824_133403_Calculator.jpg,Coluna 8 aéreo\Coluna 8 piso,8,Aéreo,Esquerda,congelado:C8-N2-E:misto,52624,COXA C SOBRECOXA FGO FORMOSO BJ 1 KG,aves,1.0,00/00/00,Pendente de atualização de data
Screenshot_20260824_133449_Dext Mobile SM Novo Atacarejo.jpg,Coluna 8 aéreo\Coluna 8 piso,8,Aéreo,Direita,congelado:C8-N2-D:misto,20748,FILEZINHO FGO CG SEARA BDL KG 12X20 SEARA 'FT(EZTHHO,aves,240.0,00/00/00,Pendente de atualização de data
Screenshot_20260822_113131_Dext Mobile SM Novo Atacarejo.jpg,Coluna 8 aéreo,8,Aéreo,Esquerda,congelado:C8-N2-E:misto,52627,PEITO DE FRANGO FORMOSO CONG IND KG,aves,555.0,00/00/00,Pendente de atualização de data
Screenshot_20260822_114429_Dext Mobile SM Novo Atacarejo.jpg,Coluna 8 aéreo,8,Aéreo,Direita,congelado:C8-N2-D:misto,79040,65<0 DETALHE PRODUTO COXINHA ASA CANCAO LQF 1 KG,aves,1.0,00/00/00,Pendente de atualização de data
Screenshot_20260822_114831_Calculator.jpg,Coluna 8 aéreo,8,Aéreo,Esquerda,congelado:C8-N2-E:misto,19633,FILEZINHO FGO CONG SADIA BDL KG 26<2,aves,312.0,00/00/00,Pendente de atualização de data
Screenshot_20260822_115019_Dext Mobile SM Novo Atacarejo.jpg,Coluna 8 aéreo,8,Aéreo,Direita,congelado:C8-N2-D:misto,27369,FILEZIN EMPANADO NATTO FGO CG 700G 28X1D NATTO,aves,280.0,00/00/00,Pendente de atualização de data
20260822_104339.jpg,Coluna 9 aéreo,9,Aéreo,Esquerda,congelado:C9-N2-E:misto,47061,FGO PASSAR CONG 28/07/27 47061,aves,0.0,00/00/00,Pendente de atualização de data
20260822_104343.jpg,Coluna 9 aéreo,9,Aéreo,Direita,congelado:C9-N2-D:misto,PEND-482,20260822_104343.JPG,aves,0.0,00/00/00,Pendente de atualização de data
Screenshot_20260824_120814_Dext Mobile SM Novo Atacarejo.jpg,Coluna 9 aéreo\Coluna 9 piso,9,Aéreo,Esquerda,congelado:C9-N2-E:misto,19588,FGO PASSARIN CONG SADIA PCT 1 KG,aves,1.0,00/00/00,Pendente de atualização de data
Screenshot_20260824_121502_Dext Mobile SM Novo Atacarejo.jpg,Coluna 9 aéreo\Coluna 9 piso,9,Aéreo,Direita,congelado:C9-N2-D:misto,22711,FGO INT CG NATTO KG PRODUTO SEM IMAGEM,aves,780.0,00/00/00,Pendente de atualização de data
Screenshot_20260822_104157_Dext Mobile SM Novo Atacarejo.jpg,Coluna 9 aéreo,9,Aéreo,Esquerda,congelado:C9-N2-E:misto,38017,MOELA FGO CG SEARA BD 1 KG,aves,1.0,00/00/00,Pendente de atualização de data
Screenshot_20260822_111629_Dext Mobile SM Novo Atacarejo.jpg,Coluna 9 aéreo,9,Aéreo,Direita,congelado:C9-N2-D:misto,20440,DIANT BOV C OSSO PC KG,bovino,875.0,00/00/00,Pendente de atualização de data
Screenshot_20260822_112117_Dext Mobile SM Novo Atacarejo.jpg,Coluna 9 aéreo,9,Aéreo,Esquerda,congelado:C9-N2-E:misto,47059,COXIN ASA FGO CG SEARA TEMP LQF 1 KG,aves,1.0,00/00/00,Pendente de atualização de data
Screenshot_20260825_082715_Dext Mobile SM Novo Atacarejo.jpg,Frente piso,15,Piso,Direita,congelado:C15-N1-D:misto,37458,BARRIGA SUINA CG TEMP SAUDALI KG,suino,48.0,00/00/00,Pendente de atualização de data
Screenshot_20260825_082752_Calculator.jpg,Frente piso,15,Piso,Esquerda,congelado:C15-N1-E:misto,49270,FRALDINHA SUINA CG TP SUINCO PCT KG,suino,15.0,00/00/00,Pendente de atualização de data
Screenshot_20260825_095652_Dext Mobile SM Novo Atacarejo.jpg,Frente piso,15,Piso,Direita,congelado:C15-N1-D:misto,11817,"COXIN ASA FGO CG TEMP MAURICEA500G A 78 683 VACUO CPXI,FHA DAS ASAS RAPARADA",aves,48.0,00/00/00,Pendente de atualização de data
Screenshot_20260825_095739_Calculator.jpg,Frente piso,15,Piso,Esquerda,congelado:C15-N1-E:misto,11778,FILE PEITO FGO CG CUB MAURICEA 400G TEMP 4 78 683 QJO 0 HWJIC4' DE PATÊ REAPERADP OHGELADP,aves,34.0,00/00/00,Pendente de atualização de data
Screenshot_20260825_095821_Dext Mobile SM Novo Atacarejo.jpg,Frente piso,15,Piso,Direita,congelado:C15-N1-D:misto,97635,683,aves,404.0,00/00/00,Pendente de atualização de data
Screenshot_20260825_100006_Dext Mobile SM Novo Atacarejo.jpg,Frente piso,15,Piso,Esquerda,congelado:C15-N1-E:misto,9938,LING FGO GRILL CONG NATTO 600G BACON NATTO,aves,132.0,00/00/00,Pendente de atualização de data
Screenshot_20260825_100047_Calculator.jpg,Frente piso,15,Piso,Direita,congelado:C15-N1-D:misto,20746,683,aves,1.0,00/00/00,Pendente de atualização de data
Screenshot_20260825_100201_Dext Mobile SM Novo Atacarejo.jpg,Frente piso,15,Piso,Esquerda,congelado:C15-N1-E:misto,102297,683,aves,273.0,00/00/00,Pendente de atualização de data
Screenshot_20260825_100257_Calculator.jpg,Frente piso,15,Piso,Direita,congelado:C15-N1-D:misto,37458,BARRIGA SUINA CG TEMP SAUDALI KG,suino,12.0,00/00/00,Pendente de atualização de data
Screenshot_20260825_100322_Dext Mobile SM Novo Atacarejo.jpg,Frente piso,15,Piso,Esquerda,congelado:C15-N1-E:misto,19320,COSTELINHA SUI TEMP CONG SAUDALI KG,suino,771.0,00/00/00,Pendente de atualização de data
Screenshot_20260825_100445_Dext Mobile SM Novo Atacarejo.jpg,Frente piso,15,Piso,Direita,congelado:C15-N1-D:misto,52622,PEITO DE FGO FGO FORMOSO BJ IKG,aves,123.0,00/00/00,Pendente de atualização de data
Screenshot_20260825_100523_Calculator.jpg,Frente piso,15,Piso,Esquerda,congelado:C15-N1-E:misto,52626,FILEZINHO SASSAM FRANGO FORMOSO 1 KG,aves,1.0,00/00/00,Pendente de atualização de data
Screenshot_20260825_100535_Dext Mobile SM Novo Atacarejo.jpg,Frente piso,15,Piso,Direita,congelado:C15-N1-D:misto,52601,FILE DE PEITO CONG FGO FORMOSO 1 KG,aves,1.0,00/00/00,Pendente de atualização de data
Screenshot_20260825_100627_Calculator.jpg,Frente piso,15,Piso,Esquerda,congelado:C15-N1-E:misto,19320,COSTELINHA SUI TEMP CONG SAUDALI KG,suino,683.0,00/00/00,Pendente de atualização de data
20260824_114047.jpg,Fundo,16,Piso,Direita,congelado:C16-N1-D:misto,PEND-502,20260824_114047.JPG,aves,0.0,00/00/00,Pendente de atualização de data
20260824_114051.jpg,Fundo,16,Piso,Esquerda,congelado:C16-N1-E:misto,PEND-503,20260824_114051.JPG,aves,0.0,00/00/00,Pendente de atualização de data
